id,price
0,43.72
1,127.37
2,58.92
3,43.51
4,69.83
5,59.3
6,157.66
7,138.75
8,55.25
9,134.76
10,120.25
11,58.01
12,52.75
13,60.67
14,145.56
15,67.87
16,76.7
17,73.82
18,181.29
19,122.91
20,51.88
21,54.37
22,58.83
23,60.81
24,94.78
25,140.25
26,151.35
27,125.14
28,58.38
29,181.16
30,122.88
31,110.87
32,1695.73
33,115.63
34,113.27
35,129.97
36,205.42
37,218.17
38,79.24
39,78.61
40,125.55
41,53.45
42,62.11
43,157.74
44,56.67
45,68.32
46,202.42
47,150.6
48,173.32
49,156.82
50,169.15
51,113.1
52,142.35
53,52.73
54,253.63
55,56.87
56,46.48
57,180.64
58,166.06
59,171.23
60,45.44
61,65.0
62,63.18
63,58.75
64,46.17
65,156.31
66,80.29
67,122.72
68,114.73
69,61.75
70,144.43
71,65.55
72,122.65
73,64.14
74,173.96
75,117.51
76,58.3
77,50.07
78,53.62
79,61.55
80,85.75
81,64.46
82,107.99
83,142.22
84,56.46
85,154.14
86,61.68
87,113.52
88,55.7
89,104.09
90,56.24
91,90.75
92,2050.63
93,64.08
94,111.82
95,65.72
96,65.94
97,61.09
98,68.79
99,63.39
100,56.05
101,107.42
102,156.08
103,107.07
104,139.86
105,156.53
106,110.26
107,100.31
108,63.17
109,133.73
110,100.37
111,69.9
112,162.2
113,164.37
114,115.34
115,122.12
116,110.94
117,227.7
118,93.16
119,102.47
120,133.76
121,152.7
122,106.37
123,105.91
124,95.01
125,71.35
126,117.74
127,52.08
128,239.05
129,59.1
130,103.76
131,64.36
132,52.48
133,62.3
134,228.68
135,142.11
136,150.43
137,163.04
138,174.68
139,124.32
140,174.05
141,171.83
142,103.3
143,66.71
144,62.63
145,81.36
146,141.74
147,165.4
148,67.23
149,122.66
150,99.85
151,46.66
152,60.62
153,65.32
154,141.32
155,321.59
156,110.04
157,115.16
158,54.09
159,116.76
160,59.19
161,123.95
162,206.19
163,122.05
164,125.73
165,94.78
166,65.31
167,61.45
168,47.75
169,169.65
170,171.2
171,110.88
172,116.61
173,66.25
174,172.71
175,59.07
176,52.66
177,189.54
178,151.62
179,95.47
180,57.96
181,181.13
182,257.87
183,117.71
184,159.32
185,87.69
186,98.79
187,137.37
188,192.89
189,113.9
190,232.32
191,81.74
192,118.27
193,83.88
194,144.63
195,46.3
196,88.9
197,52.06
198,65.6
199,153.88
200,63.5
201,156.61
202,60.22
203,183.84
204,172.39
205,246.7
206,113.4
207,176.89
208,109.75
209,490.68
210,109.86
211,137.34
212,158.55
213,144.94
214,52.11
215,58.89
216,58.44
217,59.64
218,80.2
219,169.18
220,115.71
221,90.08
222,153.69
223,150.72
224,42.77
225,41.76
226,43.18
227,125.02
228,61.81
229,359.53
230,88.75
231,102.68
232,121.88
233,159.82
234,730.04
235,67.89
236,107.65
237,122.05
238,169.22
239,217.6
240,177.67
241,58.77
242,109.45
243,61.35
244,123.88
245,117.13
246,116.1
247,236.24
248,141.72
249,93.32
250,113.52
251,144.36
252,144.3
253,166.1
254,173.15
255,60.47
256,65.34
257,229.84
258,428.91
259,62.6
260,215.01
261,123.4
262,51.2
263,164.59
264,88.1
265,143.16
266,195.87
267,68.7
268,66.74
269,64.13
270,62.54
271,107.76
272,128.69
273,174.96
274,57.67
275,76.3
276,92.92
277,265.43
278,210.45
279,140.47
280,61.08
281,70.42
282,112.39
283,122.79
284,114.51
285,135.18
286,185.6
287,154.99
288,121.48
289,167.4
290,64.65
291,154.38
292,151.98
293,145.35
294,111.15
295,117.42
296,101.59
297,109.84
298,144.58
299,122.73
300,119.54
301,55.96
302,65.24
303,219.0
304,53.12
305,281.58
306,79.72
307,124.04
308,111.35
309,60.22
310,71.18
311,96.76
312,106.47
313,178.6
314,47.17
315,59.09
316,52.05
317,160.12
318,54.92
319,132.15
320,48.97
321,125.52
322,101.79
323,822.22
324,60.44
325,105.51
326,70.99
327,74.07
328,63.05
329,63.03
330,157.59
331,45.58
332,188.59
333,247.15
334,53.16
335,62.5
336,144.7
337,91.04
338,189.84
339,86.06
340,113.88
341,144.0
342,152.98
343,50.76
344,48.48
345,112.92
346,114.28
347,73.28
348,154.48
349,94.28
350,134.97
351,116.78
352,200.09
353,53.21
354,235.7
355,157.57
356,167.52
357,81.08
358,139.9
359,68.41
360,67.74
361,164.44
362,150.21
363,148.07
364,111.12
365,58.96
366,64.21
367,206.07
368,204.53
369,56.9
370,74.34
371,153.88
372,153.8
373,162.02
374,102.62
375,115.03
376,93.19
377,147.97
378,118.14
379,54.16
380,83.98
381,153.47
382,117.28
383,225.73
384,66.32
385,107.8
386,124.39
387,124.97
388,51.31
389,82.98
390,145.42
391,152.52
392,117.73
393,57.52
394,152.59
395,159.25
396,58.44
397,184.19
398,114.82
399,123.24
400,66.65
401,48.69
402,172.09
403,73.21
404,117.11
405,152.89
406,168.04
407,56.23
408,119.85
409,92.55
410,138.98
411,121.66
412,134.57
413,110.82
414,109.19
415,167.0
416,123.51
417,108.32
418,108.78
419,260.83
420,115.79
421,178.56
422,187.4
423,96.68
424,154.86
425,173.23
426,67.34
427,59.06
428,234.18
429,124.38
430,65.09
431,113.42
432,125.52
433,182.12
434,124.11
435,120.33
436,120.52
437,124.5
438,82.25
439,54.89
440,242.08
441,61.73
442,117.01
443,53.96
444,107.76
445,51.5
446,69.47
447,138.14
448,211.24
449,170.37
450,158.59
451,281.97
452,92.2
453,119.11
454,126.66
455,243.29
456,137.45
457,229.42
458,119.02
459,93.13
460,110.04
461,157.59
462,60.37
463,137.6
464,67.71
465,65.61
466,179.1
467,45.73
468,114.89
469,165.09
470,50.08
471,53.19
472,110.34
473,65.84
474,122.58
475,124.68
476,217.28
477,127.19
478,109.43
479,114.36
480,92.4
481,136.74
482,120.71
483,87.78
484,83.48
485,203.5
486,148.3
487,242.55
488,59.55
489,188.29
490,179.22
491,68.51
492,88.58
493,201.14
494,62.82
495,188.09
496,66.74
497,50.73
498,157.62
499,144.81
500,160.73
501,110.48
502,116.03
503,215.2
504,72.36
505,97.31
506,66.93
507,63.32
508,50.92
509,168.95
510,163.8
511,65.24
512,66.17
513,60.68
514,141.81
515,155.22
516,249.66
517,164.52
518,52.27
519,109.32
520,113.98
521,48.02
522,55.78
523,50.42
524,40.95
525,155.67
526,273.86
527,62.91
528,267.31
529,130.47
530,107.14
531,192.54
532,123.24
533,49.28
534,102.63
535,181.03
536,117.3
537,144.91
538,117.95
539,48.3
540,89.36
541,154.31
542,152.02
543,420.31
544,108.33
545,66.33
546,214.61
547,171.13
548,134.91
549,112.68
550,180.95
551,63.84
552,102.31
553,72.71
554,61.6
555,189.43
556,140.3
557,108.19
558,54.82
559,115.36
560,101.8
561,122.59
562,211.59
563,68.97
564,184.67
565,167.92
566,56.62
567,139.57
568,99.35
569,220.07
570,174.8
571,124.54
572,117.27
573,133.42
574,71.56
575,115.25
576,164.21
577,194.06
578,98.89
579,158.24
580,148.23
581,178.65
582,68.42
583,139.14
584,187.1
585,67.06
586,124.87
587,112.24
588,95.21
589,309.21
590,296.01
591,62.73
592,67.68
593,195.76
594,51.13
595,65.29
596,257.78
597,61.54
598,57.71
599,115.1
600,535.26
601,604.87
602,66.1
603,136.95
604,66.23
605,60.57
606,57.96
607,110.04
608,68.5
609,198.68
610,218.41
611,65.9
612,54.79
613,138.98
614,200.79
615,203.93
616,126.32
617,153.9
618,189.41
619,66.22
620,82.49
621,147.09
622,68.51
623,72.39
624,126.13
625,158.89
626,89.61
627,162.33
628,118.87
629,104.37
630,243.58
631,73.73
632,51.56
633,173.17
634,377.22
635,164.64
636,109.64
637,77.0
638,145.52
639,43.04
640,180.21
641,239.28
642,127.92
643,117.84
644,124.48
645,166.27
646,62.69
647,125.85
648,242.71
649,150.62
650,188.7
651,196.21
652,226.01
653,201.22
654,106.26
655,64.3
656,55.62
657,488.4
658,111.07
659,107.46
660,108.5
661,166.32
662,247.51
663,50.88
664,203.24
665,75.08
666,94.9
667,131.07
668,264.54
669,71.08
670,248.09
671,116.56
672,64.96
673,119.45
674,130.48
675,44.75
676,163.39
677,159.14
678,52.81
679,42.06
680,113.59
681,312.57
682,189.02
683,105.78
684,114.18
685,100.79
686,180.46
687,111.12
688,91.6
689,198.5
690,152.08
691,109.99
692,94.72
693,156.1
694,70.54
695,114.82
696,144.41
697,147.42
698,51.0
699,153.13
700,144.25
701,178.99
702,179.84
703,113.45
704,167.5
705,114.32
706,312.84
707,208.99
708,120.7
709,103.36
710,371.65
711,52.16
712,219.69
713,122.83
714,148.13
715,124.1
716,154.77
717,95.43
718,81.9
719,67.92
720,93.96
721,104.85
722,210.87
723,191.59
724,61.9
725,172.65
726,66.95
727,111.73
728,97.27
729,158.76
730,56.58
731,114.37
732,60.76
733,61.31
734,263.02
735,239.14
736,94.86
737,59.83
738,69.3
739,172.71
740,102.71
741,94.61
742,106.35
743,45.63
744,130.68
745,48.61
746,57.31
747,147.82
748,228.03
749,75.63
750,62.33
751,217.54
752,74.94
753,112.26
754,77.43
755,67.94
756,63.9
757,202.01
758,48.65
759,82.27
760,114.07
761,302.61
762,139.08
763,49.66
764,68.25
765,60.9
766,146.25
767,51.47
768,114.88
769,158.75
770,157.01
771,112.45
772,112.8
773,56.61
774,120.54
775,59.14
776,201.15
777,48.72
778,96.42
779,72.45
780,68.09
781,166.38
782,58.19
783,180.71
784,178.08
785,74.0
786,150.0
787,139.76
788,201.67
789,51.26
790,56.32
791,68.49
792,153.26
793,221.86
794,56.39
795,66.2
796,113.14
797,61.57
798,122.71
799,115.27
800,146.48
801,126.31
802,160.44
803,140.28
804,99.18
805,133.95
806,124.44
807,37.12
808,109.48
809,171.66
810,60.8
811,145.17
812,107.17
813,59.8
814,192.5
815,65.49
816,60.68
817,113.94
818,50.44
819,110.59
820,186.44
821,59.21
822,147.7
823,67.55
824,191.77
825,259.98
826,87.47
827,111.48
828,190.37
829,102.96
830,53.73
831,164.93
832,125.43
833,143.95
834,229.91
835,149.43
836,249.2
837,124.27
838,75.75
839,226.2
840,163.97
841,60.22
842,267.78
843,127.94
844,66.41
845,104.64
846,135.12
847,73.51
848,265.3
849,66.14
850,93.1
851,146.62
852,73.77
853,124.95
854,124.26
855,110.24
856,163.87
857,116.58
858,155.29
859,172.45
860,535.56
861,149.48
862,130.85
863,145.35
864,91.55
865,111.36
866,110.14
867,110.93
868,99.04
869,51.86
870,110.13
871,140.21
872,200.13
873,60.54
874,49.34
875,194.25
876,64.19
877,396.33
878,114.52
879,126.48
880,61.16
881,155.96
882,105.66
883,149.45
884,102.66
885,90.68
886,52.73
887,68.24
888,254.2
889,172.66
890,126.28
891,56.75
892,152.45
893,125.31
894,122.78
895,152.47
896,110.71
897,55.38
898,90.04
899,109.62
900,111.9
901,125.51
902,94.48
903,65.91
904,110.23
905,185.89
906,109.65
907,73.94
908,44.6
909,93.1
910,196.59
911,43.17
912,58.48
913,47.72
914,57.3
915,232.16
916,53.68
917,113.48
918,416.28
919,64.18
920,138.22
921,126.88
922,116.2
923,153.47
924,109.93
925,49.0
926,49.25
927,110.28
928,116.58
929,124.5
930,118.69
931,149.42
932,128.26
933,170.15
934,188.38
935,107.85
936,169.73
937,206.3
938,158.85
939,100.59
940,53.28
941,221.92
942,268.68
943,204.68
944,60.27
945,113.04
946,52.54
947,233.03
948,110.9
949,68.04
950,194.37
951,581.57
952,113.91
953,118.76
954,130.78
955,64.22
956,108.67
957,69.08
958,126.73
959,125.39
960,203.92
961,122.74
962,149.07
963,137.34
964,53.58
965,160.63
966,111.0
967,154.37
968,50.37
969,121.36
970,91.58
971,154.71
972,124.8
973,204.53
974,179.32
975,124.61
976,64.4
977,167.4
978,73.02
979,46.36
980,159.26
981,149.64
982,90.02
983,69.3
984,134.11
985,167.05
986,57.86
987,62.85
988,58.44
989,102.79
990,50.0
991,87.76
992,200.52
993,163.52
994,109.17
995,189.15
996,79.77
997,116.9
998,129.9
999,101.81
1000,271.8
1001,81.5
1002,58.11
1003,59.51
1004,115.85
1005,142.72
1006,64.19
1007,267.44
1008,276.96
1009,190.24
1010,176.12
1011,231.52
1012,121.01
1013,117.65
1014,185.74
1015,162.82
1016,116.55
1017,135.82
1018,120.3
1019,127.28
1020,147.11
1021,69.35
1022,109.03
1023,122.14
1024,481.98
1025,50.93
1026,68.07
1027,106.08
1028,66.77
1029,148.22
1030,114.29
1031,92.3
1032,139.95
1033,152.7
1034,238.16
1035,220.79
1036,108.93
1037,142.7
1038,49.06
1039,139.62
1040,148.59
1041,60.33
1042,60.63
1043,169.49
1044,120.2
1045,175.45
1046,102.77
1047,121.67
1048,173.99
1049,118.7
1050,113.99
1051,101.03
1052,390.95
1053,110.94
1054,126.02
1055,125.9
1056,48.47
1057,150.8
1058,71.5
1059,53.75
1060,43.87
1061,88.38
1062,33.48
1063,31.53
1064,127.38
1065,57.51
1066,157.77
1067,121.38
1068,136.24
1069,131.56
1070,126.06
1071,144.39
1072,117.52
1073,152.15
1074,65.53
1075,128.1
1076,213.48
1077,70.65
1078,60.25
1079,158.49
1080,87.77
1081,168.1
1082,133.6
1083,139.11
1084,170.33
1085,121.42
1086,122.16
1087,124.91
1088,60.63
1089,108.92
1090,207.64
1091,93.32
1092,156.18
1093,107.66
1094,120.87
1095,40.46
1096,57.6
1097,123.76
1098,44.57
1099,52.25
1100,170.75
1101,106.2
1102,58.74
1103,113.52
1104,158.71
1105,40.43
1106,41.71
1107,96.17
1108,102.26
1109,54.88
1110,40.85
1111,258.52
1112,69.29
1113,167.0
1114,280.3
1115,115.05
1116,285.6
1117,62.26
1118,303.43
1119,125.26
1120,87.68
1121,104.62
1122,112.43
1123,86.39
1124,53.63
1125,70.82
1126,70.2
1127,155.15
1128,134.33
1129,61.37
1130,105.87
1131,42.25
1132,66.08
1133,140.35
1134,167.68
1135,96.41
1136,51.76
1137,258.95
1138,141.78
1139,183.29
1140,112.02
1141,174.08
1142,118.75
1143,49.28
1144,129.6
1145,66.21
1146,170.64
1147,112.05
1148,117.39
1149,202.12
1150,52.69
1151,133.32
1152,157.4
1153,100.71
1154,151.28
1155,173.96
1156,163.71
1157,84.67
1158,136.96
1159,54.52
1160,246.94
1161,48.01
1162,92.3
1163,198.6
1164,190.7
1165,161.82
1166,57.05
1167,87.75
1168,147.85
1169,101.92
1170,76.95
1171,54.55
1172,241.37
1173,46.82
1174,52.34
1175,108.18
1176,55.94
1177,122.89
1178,58.31
1179,197.01
1180,65.39
1181,75.24
1182,108.99
1183,70.65
1184,233.93
1185,161.46
1186,111.02
1187,71.63
1188,65.02
1189,69.52
1190,102.0
1191,120.68
1192,120.14
1193,127.33
1194,300.17
1195,180.95
1196,137.08
1197,155.25
1198,51.27
1199,107.62
1200,49.67
1201,270.79
1202,104.02
1203,185.36
1204,90.21
1205,118.58
1206,132.6
1207,123.13
1208,175.35
1209,171.09
1210,105.88
1211,165.45
1212,158.63
1213,97.27
1214,180.34
1215,209.35
1216,116.25
1217,123.49
1218,174.66
1219,174.12
1220,17278.18
1221,120.66
1222,329.92
1223,116.75
1224,105.45
1225,266.86
1226,50.39
1227,62.86
1228,78.0
1229,252.26
1230,58.92
1231,163.88
1232,70.71
1233,192.99
1234,191.55
1235,130.0
1236,88.37
1237,62.9
1238,130.76
1239,135.7
1240,215.49
1241,58.33
1242,159.82
1243,49.08
1244,97.79
1245,165.69
1246,91.19
1247,90.01
1248,64.66
1249,112.06
1250,162.25
1251,508.32
1252,113.47
1253,95.85
1254,176.86
1255,113.79
1256,173.85
1257,110.36
1258,98.47
1259,160.95
1260,60.16
1261,44.25
1262,206.74
1263,184.17
1264,62.83
1265,69.89
1266,47.65
1267,66.96
1268,155.15
1269,62.5
1270,89.11
1271,224.67
1272,108.45
1273,84.35
1274,109.55
1275,103.28
1276,203.4
1277,90.23
1278,187.29
1279,107.65
1280,124.22
1281,151.44
1282,88.83
1283,59.71
1284,246.43
1285,79.32
1286,65.62
1287,105.91
1288,47.76
1289,106.95
1290,174.06
1291,123.61
1292,235.8
1293,379.36
1294,161.42
1295,96.91
1296,357.42
1297,140.13
1298,49.14
1299,163.46
1300,126.52
1301,117.77
1302,135.21
1303,194.95
1304,133.45
1305,120.06
1306,76.19
1307,495.6
1308,77.89
1309,97.07
1310,66.78
1311,116.66
1312,57.08
1313,65.45
1314,71.84
1315,351.32
1316,127.96
1317,51.78
1318,66.65
1319,68.18
1320,124.29
1321,116.74
1322,163.53
1323,122.67
1324,173.1
1325,164.78
1326,65.94
1327,168.06
1328,96.33
1329,162.23
1330,100.79
1331,65.23
1332,54.18
1333,116.23
1334,53.98
1335,194.6
1336,156.08
1337,177.24
1338,50.64
1339,51.57
1340,117.11
1341,178.44
1342,62.82
1343,239.54
1344,76.42
1345,117.86
1346,71.02
1347,144.42
1348,235.67
1349,69.19
1350,66.76
1351,105.45
1352,250.01
1353,91.04
1354,104.59
1355,211.75
1356,152.73
1357,55.44
1358,66.61
1359,109.06
1360,58.87
1361,68.76
1362,115.73
1363,187.09
1364,106.03
1365,150.11
1366,62.6
1367,98.52
1368,184.24
1369,55.59
1370,65.43
1371,60.76
1372,139.5
1373,115.25
1374,165.1
1375,48.51
1376,48.8
1377,123.46
1378,66.8
1379,33.92
1380,107.68
1381,131.72
1382,61.85
1383,154.39
1384,58.33
1385,136.88
1386,166.21
1387,158.7
1388,118.68
1389,46.5
1390,117.9
1391,52.12
1392,235.7
1393,73.27
1394,269.27
1395,130.73
1396,188.33
1397,68.58
1398,124.97
1399,124.1
1400,166.24
1401,162.53
1402,123.72
1403,70.72
1404,86.95
1405,89.65
1406,117.46
1407,49.02
1408,166.23
1409,93.24
1410,118.14
1411,113.19
1412,139.03
1413,67.55
1414,51.41
1415,118.67
1416,99.01
1417,103.07
1418,127.64
1419,66.34
1420,129.3
1421,102.48
1422,181.56
1423,167.09
1424,52.52
1425,123.43
1426,114.12
1427,122.05
1428,69.75
1429,63.51
1430,70.93
1431,62.38
1432,135.15
1433,117.1
1434,130.98
1435,84.41
1436,90.71
1437,181.21
1438,59.07
1439,116.08
1440,81.14
1441,57.68
1442,81.04
1443,164.02
1444,61.2
1445,123.43
1446,173.0
1447,116.02
1448,125.28
1449,175.26
1450,59.24
1451,91.76
1452,173.51
1453,162.54
1454,66.05
1455,153.16
1456,124.41
1457,107.19
1458,51.46
1459,191.19
1460,54.72
1461,152.42
1462,198.56
1463,120.58
1464,168.27
1465,108.43
1466,108.11
1467,114.01
1468,177.15
1469,60.44
1470,63.29
1471,148.57
1472,543.44
1473,202.06
1474,68.94
1475,129.71
1476,54.38
1477,203.7
1478,49.31
1479,102.27
1480,112.49
1481,156.2
1482,210.9
1483,52.06
1484,121.8
1485,58.59
1486,139.44
1487,100.26
1488,65.19
1489,145.57
1490,151.61
1491,158.77
1492,150.36
1493,135.39
1494,123.55
1495,157.41
1496,65.28
1497,160.78
1498,138.23
1499,64.99
1500,153.41
1501,118.35
1502,126.64
1503,114.62
1504,123.37
1505,123.82
1506,50.11
1507,122.0
1508,62.7
1509,152.48
1510,69.1
1511,111.72
1512,65.93
1513,130.82
1514,123.69
1515,122.61
1516,122.75
1517,195.81
1518,63.03
1519,172.95
1520,84.62
1521,173.4
1522,91.18
1523,203.36
1524,58.23
1525,60.79
1526,123.23
1527,127.94
1528,100.97
1529,50.01
1530,69.26
1531,74.89
1532,109.46
1533,122.35
1534,105.81
1535,90.34
1536,58.86
1537,125.98
1538,102.14
1539,96.69
1540,70.49
1541,56.88
1542,78.58
1543,95.94
1544,127.76
1545,240.48
1546,256.08
1547,101.89
1548,64.31
1549,323.55
1550,52.74
1551,183.2
1552,141.78
1553,122.62
1554,142.32
1555,212.14
1556,105.95
1557,100.25
1558,87.29
1559,53.87
1560,60.0
1561,65.42
1562,155.18
1563,108.04
1564,106.02
1565,72.27
1566,43.37
1567,49.48
1568,159.0
1569,66.4
1570,141.27
1571,125.95
1572,117.52
1573,218.76
1574,126.89
1575,68.42
1576,67.24
1577,202.29
1578,126.52
1579,53.07
1580,48.66
1581,194.07
1582,111.42
1583,64.77
1584,176.98
1585,96.22
1586,48.44
1587,53.31
1588,106.46
1589,113.34
1590,113.59
1591,111.57
1592,119.64
1593,54.92
1594,116.58
1595,186.97
1596,182.76
1597,115.1
1598,82.2
1599,49.79
1600,48.67
1601,71.54
1602,164.89
1603,112.52
1604,186.27
1605,46.93
1606,670.31
1607,122.42
1608,146.46
1609,171.08
1610,67.96
1611,111.14
1612,144.82
1613,126.82
1614,71.71
1615,76.87
1616,192.2
1617,69.73
1618,127.34
1619,68.5
1620,146.26
1621,115.46
1622,50.59
1623,232.48
1624,307.85
1625,151.29
1626,151.97
1627,136.0
1628,116.26
1629,204.59
1630,192.32
1631,141.75
1632,131.84
1633,142.25
1634,205.59
1635,96.33
1636,201.09
1637,108.87
1638,86.58
1639,155.7
1640,130.57
1641,184.37
1642,62.14
1643,58.23
1644,64.93
1645,58.75
1646,55.67
1647,48.68
1648,55.57
1649,161.68
1650,154.03
1651,158.06
1652,46.35
1653,116.9
1654,51.32
1655,59.69
1656,156.49
1657,171.09
1658,131.24
1659,45.47
1660,178.2
1661,139.41
1662,163.23
1663,52.13
1664,72.61
1665,50.11
1666,166.1
1667,157.02
1668,62.41
1669,74.16
1670,110.88
1671,51.32
1672,124.6
1673,398.74
1674,125.41
1675,54.38
1676,188.82
1677,160.23
1678,120.36
1679,63.93
1680,49.63
1681,154.48
1682,55.79
1683,239.27
1684,201.06
1685,74.65
1686,119.31
1687,131.54
1688,229.33
1689,70.63
1690,57.14
1691,187.17
1692,105.01
1693,73.19
1694,123.61
1695,180.79
1696,146.91
1697,114.92
1698,134.21
1699,237.52
1700,194.95
1701,49.14
1702,121.23
1703,182.74
1704,86.16
1705,158.84
1706,112.86
1707,197.68
1708,148.89
1709,90.37
1710,63.26
1711,64.86
1712,95.72
1713,133.13
1714,118.92
1715,56.52
1716,143.92
1717,166.82
1718,158.6
1719,176.7
1720,127.92
1721,249.24
1722,152.23
1723,145.48
1724,236.2
1725,111.65
1726,64.62
1727,61.01
1728,57.56
1729,331.68
1730,142.33
1731,59.62
1732,241.89
1733,196.03
1734,71.83
1735,57.11
1736,72.37
1737,66.9
1738,48.78
1739,142.41
1740,119.29
1741,160.14
1742,160.72
1743,150.04
1744,52.43
1745,105.59
1746,64.29
1747,94.42
1748,70.2
1749,113.69
1750,52.82
1751,244.33
1752,174.28
1753,78.01
1754,200.35
1755,123.21
1756,154.16
1757,132.3
1758,274.31
1759,146.22
1760,188.22
1761,58.24
1762,119.81
1763,113.35
1764,97.32
1765,69.31
1766,60.76
1767,68.4
1768,112.58
1769,54.65
1770,158.67
1771,108.4
1772,124.49
1773,112.24
1774,68.81
1775,72.91
1776,119.43
1777,60.85
1778,194.11
1779,117.57
1780,121.57
1781,135.68
1782,63.65
1783,169.67
1784,67.2
1785,46.99
1786,74.05
1787,56.0
1788,118.46
1789,130.0
1790,148.45
1791,116.62
1792,141.9
1793,68.47
1794,113.56
1795,122.0
1796,150.62
1797,64.4
1798,92.48
1799,223.42
1800,55.13
1801,66.79
1802,104.05
1803,261.24
1804,85.28
1805,126.29
1806,67.99
1807,47.23
1808,98.62
1809,173.89
1810,120.16
1811,140.37
1812,86.05
1813,117.09
1814,88.17
1815,86.97
1816,87.26
1817,132.74
1818,173.39
1819,123.52
1820,135.26
1821,69.7
1822,114.58
1823,110.26
1824,228.99
1825,113.62
1826,51.46
1827,61.29
1828,106.54
1829,92.27
1830,65.68
1831,519.22
1832,71.93
1833,39.74
1834,71.67
1835,161.78
1836,176.65
1837,156.5
1838,53.69
1839,146.61
1840,97.95
1841,214.55
1842,120.38
1843,55.95
1844,220.05
1845,47.88
1846,174.75
1847,59.63
1848,63.53
1849,52.61
1850,228.27
1851,44.5
1852,58.52
1853,91.11
1854,67.31
1855,94.62
1856,116.99
1857,48.27
1858,74.07
1859,78.8
1860,110.7
1861,112.48
1862,51.99
1863,164.25
1864,75.34
1865,181.57
1866,124.64
1867,172.35
1868,114.79
1869,167.92
1870,237.19
1871,68.65
1872,47.37
1873,63.33
1874,47.07
1875,54.78
1876,64.1
1877,61.66
1878,249.85
1879,54.06
1880,56.18
1881,124.21
1882,114.66
1883,113.92
1884,236.62
1885,126.07
1886,66.12
1887,111.89
1888,148.96
1889,53.17
1890,127.75
1891,143.96
1892,50.41
1893,169.69
1894,103.19
1895,72.65
1896,562.31
1897,77.49
1898,126.27
1899,153.52
1900,116.47
1901,69.18
1902,62.12
1903,86.17
1904,198.84
1905,132.77
1906,48.4
1907,113.43
1908,156.43
1909,73.13
1910,52.62
1911,66.77
1912,192.89
1913,116.53
1914,49.25
1915,159.36
1916,67.35
1917,146.49
1918,57.5
1919,58.83
1920,162.99
1921,67.67
1922,96.9
1923,51.16
1924,156.94
1925,156.8
1926,70.27
1927,211.5
1928,166.81
1929,131.09
1930,56.24
1931,51.13
1932,321.82
1933,120.45
1934,64.12
1935,71.47
1936,130.48
1937,133.1
1938,64.09
1939,117.2
1940,73.51
1941,125.87
1942,50.83
1943,124.91
1944,141.0
1945,60.52
1946,130.07
1947,117.97
1948,50.33
1949,268.77
1950,119.21
1951,97.76
1952,134.9
1953,155.79
1954,97.58
1955,97.34
1956,115.72
1957,126.94
1958,294.6
1959,225.77
1960,125.41
1961,67.37
1962,74.47
1963,277.63
1964,158.37
1965,125.77
1966,88.51
1967,61.96
1968,97.3
1969,59.66
1970,42.41
1971,102.57
1972,170.3
1973,176.86
1974,213.51
1975,181.63
1976,111.95
1977,63.22
1978,125.44
1979,78.45
1980,59.21
1981,75.86
1982,204.99
1983,133.78
1984,171.94
1985,48.25
1986,63.2
1987,63.82
1988,99.05
1989,58.07
1990,225.48
1991,327.94
1992,50.48
1993,123.8
1994,230.58
1995,157.37
1996,316.83
1997,117.72
1998,112.3
1999,123.06
2000,30.78
2001,105.9
2002,118.88
2003,154.11
2004,120.04
2005,51.4
2006,239.42
2007,167.72
2008,51.35
2009,61.04
2010,58.63
2011,166.91
2012,68.14
2013,196.69
2014,64.15
2015,67.15
2016,167.36
2017,117.54
2018,148.62
2019,150.04
2020,102.03
2021,124.82
2022,66.93
2023,198.29
2024,180.42
2025,138.85
2026,146.1
2027,115.29
2028,133.2
2029,121.53
2030,46.16
2031,119.41
2032,152.2
2033,66.66
2034,96.33
2035,182.16
2036,167.51
2037,66.08
2038,142.68
2039,52.57
2040,66.51
2041,145.49
2042,57.48
2043,166.28
2044,122.24
2045,70.68
2046,169.33
2047,160.82
2048,116.38
2049,57.24
2050,135.32
2051,68.17
2052,127.62
2053,203.02
2054,68.4
2055,162.8
2056,128.05
2057,80.21
2058,62.94
2059,64.62
2060,155.23
2061,65.22
2062,39.97
2063,177.65
2064,176.75
2065,53.7
2066,109.04
2067,122.86
2068,117.7
2069,87.0
2070,281.25
2071,118.07
2072,79.91
2073,238.38
2074,133.1
2075,60.15
2076,170.17
2077,143.18
2078,53.68
2079,214.3
2080,126.37
2081,112.6
2082,160.11
2083,122.36
2084,235.55
2085,68.09
2086,59.03
2087,104.62
2088,58.78
2089,214.34
2090,122.16
2091,124.97
2092,97.65
2093,94.81
2094,246.17
2095,104.12
2096,126.31
2097,149.65
2098,243.13
2099,266.42
2100,144.04
2101,119.24
2102,54.75
2103,120.02
2104,64.19
2105,115.02
2106,116.78
2107,164.77
2108,45.4
2109,135.46
2110,158.47
2111,188.68
2112,238.06
2113,195.8
2114,177.88
2115,193.29
2116,228.9
2117,70.44
2118,156.51
2119,55.51
2120,65.75
2121,52.41
2122,126.46
2123,180.5
2124,109.34
2125,106.25
2126,60.9
2127,119.83
2128,272.72
2129,75.09
2130,176.01
2131,63.44
2132,313.16
2133,485.75
2134,117.73
2135,49.35
2136,120.11
2137,178.78
2138,104.34
2139,122.98
2140,49.6
2141,143.01
2142,171.16
2143,128.02
2144,72.42
2145,185.3
2146,107.95
2147,138.57
2148,149.75
2149,77.93
2150,124.88
2151,120.23
2152,116.49
2153,224.93
2154,74.05
2155,53.6
2156,166.63
2157,167.12
2158,65.48
2159,65.54
2160,67.0
2161,139.67
2162,289.91
2163,61.86
2164,62.49
2165,169.19
2166,39.85
2167,73.28
2168,64.22
2169,265.42
2170,121.81
2171,192.97
2172,59.77
2173,105.86
2174,46.49
2175,48.81
2176,47.17
2177,158.0
2178,120.09
2179,60.5
2180,124.29
2181,93.56
2182,118.81
2183,72.02
2184,116.36
2185,99.84
2186,99.44
2187,154.75
2188,150.93
2189,56.47
2190,116.04
2191,121.22
2192,83.5
2193,77.83
2194,125.02
2195,193.97
2196,66.55
2197,133.62
2198,63.66
2199,243.9
2200,63.72
2201,303.02
2202,50.58
2203,179.71
2204,161.56
2205,175.64
2206,63.68
2207,115.09
2208,121.43
2209,127.6
2210,178.41
2211,276.94
2212,155.48
2213,159.76
2214,73.27
2215,142.78
2216,325.55
2217,124.28
2218,112.65
2219,67.87
2220,172.03
2221,185.66
2222,98.44
2223,122.29
2224,146.59
2225,115.77
2226,123.54
2227,166.93
2228,106.01
2229,193.2
2230,146.96
2231,66.33
2232,89.31
2233,206.39
2234,220.75
2235,86.73
2236,66.51
2237,152.56
2238,122.66
2239,133.57
2240,93.42
2241,192.04
2242,120.09
2243,122.38
2244,47.25
2245,64.4
2246,65.02
2247,239.01
2248,56.16
2249,124.06
2250,53.13
2251,82.56
2252,61.46
2253,105.8
2254,103.36
2255,162.47
2256,92.71
2257,140.19
2258,74.98
2259,87.43
2260,189.23
2261,64.01
2262,139.08
2263,65.8
2264,164.45
2265,378.26
2266,260.95
2267,181.99
2268,165.3
2269,94.68
2270,168.94
2271,120.52
2272,102.49
2273,50.05
2274,122.62
2275,169.02
2276,120.73
2277,50.76
2278,177.08
2279,114.72
2280,110.39
2281,97.77
2282,127.53
2283,115.65
2284,91.0
2285,148.57
2286,106.95
2287,49.8
2288,175.85
2289,62.45
2290,57.08
2291,64.07
2292,194.32
2293,126.36
2294,155.53
2295,119.1
2296,143.23
2297,93.31
2298,109.36
2299,60.05
2300,55.9
2301,69.69
2302,97.3
2303,94.92
2304,141.01
2305,116.81
2306,52.68
2307,126.51
2308,55.48
2309,71.66
2310,47.96
2311,94.54
2312,413.97
2313,174.11
2314,123.57
2315,104.81
2316,56.34
2317,127.5
2318,64.45
2319,168.63
2320,172.14
2321,126.36
2322,127.31
2323,89.9
2324,150.04
2325,226.77
2326,117.46
2327,152.41
2328,158.51
2329,146.94
2330,126.28
2331,163.52
2332,95.69
2333,116.36
2334,64.43
2335,105.03
2336,124.34
2337,95.78
2338,116.43
2339,109.22
2340,134.55
2341,85.44
2342,95.96
2343,106.15
2344,47.51
2345,53.22
2346,157.94
2347,113.34
2348,71.61
2349,332.37
2350,164.01
2351,467.27
2352,50.05
2353,162.36
2354,355.65
2355,88.95
2356,52.59
2357,133.8
2358,68.6
2359,41.34
2360,221.88
2361,64.76
2362,167.85
2363,81.43
2364,43.37
2365,272.99
2366,115.43
2367,111.07
2368,53.77
2369,63.27
2370,52.06
2371,115.07
2372,171.39
2373,63.4
2374,51.64
2375,226.97
2376,212.84
2377,134.71
2378,189.17
2379,114.97
2380,163.33
2381,45.86
2382,98.59
2383,58.69
2384,156.98
2385,125.39
2386,128.64
2387,161.88
2388,119.56
2389,55.6
2390,98.84
2391,48.59
2392,68.91
2393,124.04
2394,68.36
2395,159.14
2396,61.05
2397,127.47
2398,32.51
2399,118.65
2400,31.66
2401,32.92
2402,150.51
2403,115.39
2404,100.78
2405,51.11
2406,134.14
2407,112.22
2408,184.99
2409,165.61
2410,73.48
2411,76.95
2412,118.07
2413,175.12
2414,109.72
2415,71.55
2416,129.09
2417,166.39
2418,52.77
2419,166.09
2420,40.67
2421,84.99
2422,57.63
2423,99.61
2424,52.56
2425,52.22
2426,111.51
2427,112.13
2428,168.22
2429,54.52
2430,125.58
2431,126.34
2432,51.23
2433,143.12
2434,118.34
2435,69.75
2436,99.64
2437,68.66
2438,181.61
2439,124.31
2440,120.86
2441,99.1
2442,117.9
2443,40.51
2444,163.16
2445,66.51
2446,495.79
2447,71.96
2448,122.44
2449,155.49
2450,102.75
2451,149.58
2452,203.49
2453,128.52
2454,135.67
2455,58.24
2456,119.17
2457,125.73
2458,158.87
2459,226.01
2460,53.89
2461,139.73
2462,149.53
2463,72.28
2464,118.97
2465,130.4
2466,63.59
2467,117.6
2468,108.9
2469,122.6
2470,151.11
2471,40.93
2472,68.33
2473,90.04
2474,117.88
2475,60.59
2476,137.55
2477,117.32
2478,50.2
2479,149.32
2480,66.15
2481,57.52
2482,89.24
2483,97.23
2484,132.4
2485,205.45
2486,120.67
2487,138.23
2488,132.72
2489,64.9
2490,122.51
2491,156.86
2492,128.18
2493,125.26
2494,72.16
2495,54.04
2496,128.7
2497,71.67
2498,315.17
2499,112.55
2500,291.84
2501,101.54
2502,250.13
2503,109.47
2504,59.57
2505,98.18
2506,107.13
2507,181.65
2508,115.74
2509,92.88
2510,98.0
2511,172.91
2512,94.94
2513,143.66
2514,49.18
2515,63.16
2516,61.81
2517,67.29
2518,65.3
2519,104.82
2520,65.47
2521,64.9
2522,125.23
2523,53.89
2524,254.52
2525,61.13
2526,152.33
2527,120.61
2528,152.97
2529,116.26
2530,89.29
2531,124.93
2532,179.61
2533,61.2
2534,71.44
2535,149.07
2536,49.35
2537,153.0
2538,164.49
2539,112.15
2540,300.11
2541,163.17
2542,160.35
2543,53.99
2544,168.78
2545,124.61
2546,51.73
2547,100.77
2548,118.35
2549,69.56
2550,218.38
2551,148.02
2552,72.39
2553,67.14
2554,51.06
2555,130.94
2556,154.02
2557,117.01
2558,151.65
2559,65.64
2560,217.01
2561,124.24
2562,57.66
2563,123.84
2564,119.91
2565,154.44
2566,167.62
2567,197.47
2568,145.2
2569,51.81
2570,131.5
2571,145.14
2572,188.59
2573,119.69
2574,176.01
2575,151.64
2576,56.81
2577,399.94
2578,117.66
2579,68.91
2580,64.24
2581,159.67
2582,52.61
2583,64.65
2584,62.81
2585,126.83
2586,322.02
2587,60.44
2588,156.05
2589,147.17
2590,298.02
2591,143.81
2592,68.85
2593,129.66
2594,49.03
2595,117.62
2596,75.3
2597,58.61
2598,196.13
2599,52.85
2600,162.14
2601,61.27
2602,65.49
2603,110.29
2604,120.28
2605,130.29
2606,132.02
2607,123.12
2608,149.09
2609,88.16
2610,120.22
2611,58.88
2612,137.93
2613,151.01
2614,119.29
2615,280.12
2616,126.05
2617,61.69
2618,297.3
2619,219.87
2620,174.58
2621,83.52
2622,99.63
2623,122.64
2624,134.29
2625,113.15
2626,63.41
2627,57.72
2628,71.8
2629,148.77
2630,98.79
2631,83.24
2632,225.58
2633,75.76
2634,53.34
2635,150.71
2636,46.67
2637,160.49
2638,311.52
2639,71.62
2640,66.9
2641,62.96
2642,192.88
2643,181.23
2644,238.25
2645,94.23
2646,41.22
2647,179.06
2648,112.27
2649,63.85
2650,53.46
2651,51.26
2652,308.27
2653,172.35
2654,178.33
2655,85.7
2656,56.64
2657,167.9
2658,109.61
2659,58.37
2660,135.15
2661,51.51
2662,52.01
2663,100.0
2664,172.36
2665,125.5
2666,116.38
2667,175.61
2668,68.45
2669,212.78
2670,134.32
2671,344.19
2672,275.5
2673,214.47
2674,53.25
2675,53.83
2676,213.94
2677,87.71
2678,123.53
2679,63.13
2680,116.73
2681,89.17
2682,116.72
2683,91.0
2684,61.75
2685,98.42
2686,56.27
2687,121.59
2688,129.8
2689,191.89
2690,145.31
2691,182.79
2692,71.04
2693,72.05
2694,92.91
2695,50.24
2696,80.85
2697,121.39
2698,68.47
2699,130.18
2700,144.47
2701,100.68
2702,101.1
2703,46.39
2704,58.39
2705,158.06
2706,83.74
2707,74.64
2708,181.35
2709,67.81
2710,234.85
2711,109.71
2712,65.32
2713,69.57
2714,49.05
2715,206.86
2716,51.34
2717,97.88
2718,82.49
2719,92.96
2720,147.65
2721,227.46
2722,157.76
2723,122.49
2724,51.27
2725,124.69
2726,103.83
2727,110.51
2728,69.96
2729,95.23
2730,157.31
2731,119.0
2732,123.0
2733,116.09
2734,122.73
2735,117.11
2736,119.83
2737,118.03
2738,141.49
2739,116.92
2740,134.28
2741,399.06
2742,88.7
2743,114.49
2744,84.83
2745,167.29
2746,150.98
2747,184.99
2748,55.32
2749,173.23
2750,51.6
2751,209.0
2752,199.35
2753,249.89
2754,164.33
2755,142.05
2756,105.73
2757,130.31
2758,182.23
2759,200.83
2760,129.93
2761,115.14
2762,162.26
2763,161.29
2764,73.04
2765,124.05
2766,148.88
2767,63.29
2768,133.45
2769,151.25
2770,135.73
2771,60.6
2772,62.78
2773,88.07
2774,137.02
2775,238.82
2776,58.58
2777,118.01
2778,114.14
2779,117.37
2780,107.53
2781,360.21
2782,160.8
2783,88.81
2784,81.04
2785,63.74
2786,203.97
2787,40.93
2788,130.02
2789,55.36
2790,177.39
2791,49.28
2792,128.93
2793,202.06
2794,162.87
2795,170.35
2796,55.34
2797,130.27
2798,49.94
2799,118.45
2800,143.75
2801,57.15
2802,258.24
2803,152.82
2804,156.84
2805,158.77
2806,97.19
2807,186.04
2808,73.38
2809,49.62
2810,124.34
2811,54.06
2812,139.54
2813,78.07
2814,165.26
2815,112.85
2816,229.79
2817,161.64
2818,150.86
2819,81.31
2820,121.86
2821,113.27
2822,132.75
2823,60.11
2824,164.1
2825,60.05
2826,47.02
2827,415.86
2828,151.59
2829,152.73
2830,120.64
2831,107.85
2832,152.14
2833,168.64
2834,59.4
2835,124.73
2836,47.37
2837,43.19
2838,121.7
2839,65.67
2840,178.73
2841,64.65
2842,69.8
2843,134.92
2844,136.56
2845,185.03
2846,144.78
2847,138.45
2848,114.01
2849,204.72
2850,121.71
2851,147.56
2852,122.73
2853,106.64
2854,134.09
2855,76.57
2856,47.02
2857,160.63
2858,49.26
2859,171.28
2860,55.57
2861,150.27
2862,206.85
2863,89.59
2864,124.29
2865,66.62
2866,67.26
2867,110.51
2868,50.54
2869,126.86
2870,82.46
2871,115.64
2872,170.89
2873,131.91
2874,161.63
2875,154.79
2876,176.79
2877,120.83
2878,235.62
2879,53.49
2880,52.8
2881,188.71
2882,64.97
2883,116.26
2884,123.18
2885,115.5
2886,94.18
2887,128.01
2888,47.45
2889,122.04
2890,118.98
2891,290.69
2892,251.81
2893,139.51
2894,119.49
2895,184.05
2896,114.2
2897,146.23
2898,87.44
2899,183.8
2900,52.58
2901,128.91
2902,117.83
2903,241.77
2904,164.09
2905,112.19
2906,51.79
2907,151.04
2908,130.08
2909,64.8
2910,138.82
2911,63.51
2912,134.23
2913,208.23
2914,192.32
2915,178.39
2916,120.37
2917,183.95
2918,114.94
2919,110.06
2920,272.66
2921,115.1
2922,157.96
2923,173.48
2924,129.9
2925,265.08
2926,51.03
2927,55.04
2928,82.39
2929,140.01
2930,174.58
2931,118.57
2932,252.39
2933,51.1
2934,119.65
2935,114.95
2936,159.35
2937,160.16
2938,76.71
2939,70.94
2940,68.35
2941,75.11
2942,265.11
2943,49.83
2944,72.44
2945,111.31
2946,127.55
2947,247.69
2948,66.79
2949,278.74
2950,103.68
2951,96.85
2952,74.0
2953,47.05
2954,66.91
2955,129.45
2956,53.91
2957,419.09
2958,123.18
2959,273.98
2960,63.78
2961,123.33
2962,118.96
2963,72.87
2964,64.73
2965,68.03
2966,127.26
2967,71.6
2968,118.07
2969,121.85
2970,220.68
2971,57.46
2972,477.06
2973,125.78
2974,111.89
2975,67.36
2976,105.04
2977,64.89
2978,59.75
2979,217.63
2980,112.8
2981,120.35
2982,118.18
2983,123.06
2984,81.54
2985,124.27
2986,265.46
2987,216.14
2988,91.55
2989,144.78
2990,112.58
2991,57.5
2992,1573.71
2993,127.3
2994,52.2
2995,192.51
2996,203.05
2997,132.78
2998,108.96
2999,110.26
3000,170.95
3001,140.95
3002,117.5
3003,59.74
3004,50.54
3005,54.23
3006,127.2
3007,141.52
3008,121.25
3009,105.04
3010,119.41
3011,153.69
3012,150.27
3013,60.91
3014,64.39
3015,125.9
3016,60.43
3017,118.61
3018,120.29
3019,121.04
3020,174.25
3021,185.65
3022,72.47
3023,141.68
3024,158.82
3025,152.0
3026,159.6
3027,142.61
3028,145.72
3029,148.54
3030,114.2
3031,55.57
3032,126.45
3033,140.61
3034,159.24
3035,147.66
3036,178.86
3037,116.38
3038,168.0
3039,117.73
3040,64.22
3041,118.04
3042,93.46
3043,121.77
3044,53.5
3045,63.5
3046,122.4
3047,74.62
3048,135.85
3049,49.22
3050,116.18
3051,147.58
3052,155.79
3053,43.28
3054,125.05
3055,150.92
3056,345.98
3057,116.13
3058,116.36
3059,64.66
3060,174.12
3061,65.81
3062,60.1
3063,62.66
3064,66.25
3065,183.75
3066,161.11
3067,123.12
3068,119.57
3069,109.0
3070,60.72
3071,90.49
3072,45.94
3073,154.38
3074,132.24
3075,133.24
3076,100.04
3077,161.75
3078,249.53
3079,128.19
3080,68.18
3081,153.95
3082,63.35
3083,183.03
3084,114.86
3085,59.35
3086,163.86
3087,320.99
3088,160.94
3089,51.47
3090,140.55
3091,49.62
3092,498.97
3093,184.67
3094,60.8
3095,163.57
3096,137.47
3097,72.79
3098,111.57
3099,133.74
3100,118.53
3101,146.61
3102,291.23
3103,52.03
3104,391.08
3105,66.09
3106,54.08
3107,68.82
3108,55.9
3109,60.96
3110,170.93
3111,100.76
3112,69.25
3113,54.89
3114,247.16
3115,64.8
3116,60.38
3117,124.69
3118,149.94
3119,179.36
3120,131.1
3121,274.49
3122,110.93
3123,159.49
3124,122.69
3125,265.37
3126,54.92
3127,193.57
3128,197.47
3129,77.36
3130,194.85
3131,151.03
3132,133.94
3133,157.61
3134,69.68
3135,302.55
3136,129.45
3137,62.25
3138,56.06
3139,106.74
3140,129.91
3141,61.16
3142,178.98
3143,121.26
3144,138.18
3145,114.45
3146,114.04
3147,63.62
3148,72.89
3149,115.14
3150,48.56
3151,148.97
3152,59.53
3153,126.48
3154,107.07
3155,174.4
3156,199.39
3157,117.74
3158,108.36
3159,199.99
3160,92.18
3161,150.94
3162,174.54
3163,162.79
3164,157.94
3165,111.54
3166,160.58
3167,178.23
3168,162.81
3169,78.61
3170,99.25
3171,88.79
3172,93.5
3173,176.77
3174,65.6
3175,60.52
3176,427.67
3177,62.51
3178,119.8
3179,167.68
3180,64.53
3181,183.63
3182,45.07
3183,62.97
3184,177.7
3185,227.63
3186,212.04
3187,56.32
3188,53.09
3189,172.15
3190,102.91
3191,57.87
3192,100.56
3193,191.77
3194,54.28
3195,56.28
3196,72.6
3197,153.31
3198,161.36
3199,115.51
3200,39.01
3201,116.41
3202,51.58
3203,150.75
3204,110.9
3205,119.95
3206,128.23
3207,65.45
3208,40.31
3209,117.99
3210,416.02
3211,141.95
3212,142.79
3213,118.34
3214,125.07
3215,134.25
3216,72.87
3217,115.55
3218,99.16
3219,150.13
3220,99.44
3221,52.68
3222,49.11
3223,239.16
3224,143.96
3225,190.36
3226,74.23
3227,181.39
3228,180.56
3229,164.68
3230,98.21
3231,69.51
3232,88.35
3233,65.39
3234,62.0
3235,55.14
3236,57.67
3237,49.08
3238,55.74
3239,91.56
3240,56.89
3241,59.36
3242,125.17
3243,110.25
3244,111.19
3245,158.8
3246,126.52
3247,176.29
3248,223.3
3249,54.1
3250,172.25
3251,69.36
3252,111.03
3253,115.94
3254,265.74
3255,262.2
3256,40.45
3257,63.0
3258,142.61
3259,186.25
3260,101.69
3261,129.79
3262,125.13
3263,132.92
3264,52.24
3265,146.3
3266,109.91
3267,215.54
3268,155.21
3269,251.41
3270,92.02
3271,64.01
3272,334.21
3273,87.61
3274,173.97
3275,157.68
3276,50.95
3277,144.72
3278,109.35
3279,211.73
3280,204.05
3281,203.63
3282,138.09
3283,205.13
3284,89.37
3285,142.96
3286,94.75
3287,128.17
3288,121.67
3289,99.94
3290,202.12
3291,97.28
3292,102.38
3293,149.24
3294,230.12
3295,73.97
3296,66.41
3297,115.17
3298,128.69
3299,141.44
3300,52.03
3301,165.24
3302,121.01
3303,138.43
3304,149.81
3305,134.39
3306,173.3
3307,63.71
3308,181.25
3309,146.91
3310,133.16
3311,160.65
3312,72.97
3313,166.34
3314,149.02
3315,63.46
3316,52.82
3317,70.01
3318,294.32
3319,133.64
3320,245.65
3321,160.87
3322,147.02
3323,116.37
3324,194.83
3325,61.13
3326,183.28
3327,175.83
3328,92.08
3329,55.32
3330,96.67
3331,264.69
3332,72.45
3333,151.75
3334,140.13
3335,128.1
3336,116.91
3337,50.18
3338,286.1
3339,151.87
3340,65.33
3341,54.21
3342,110.13
3343,67.53
3344,65.9
3345,148.92
3346,65.49
3347,101.39
3348,200.24
3349,56.35
3350,39.95
3351,45.11
3352,64.63
3353,119.83
3354,63.19
3355,47.32
3356,57.02
3357,62.98
3358,116.76
3359,68.82
3360,187.18
3361,109.1
3362,125.15
3363,121.05
3364,51.83
3365,172.4
3366,128.78
3367,54.8
3368,100.95
3369,97.01
3370,114.26
3371,164.68
3372,61.59
3373,239.01
3374,130.57
3375,63.59
3376,151.17
3377,49.72
3378,98.99
3379,102.92
3380,147.04
3381,199.99
3382,115.45
3383,174.33
3384,92.78
3385,127.42
3386,115.78
3387,100.02
3388,57.61
3389,294.39
3390,117.24
3391,150.4
3392,131.59
3393,56.71
3394,121.51
3395,164.86
3396,319.18
3397,171.2
3398,165.14
3399,184.22
3400,107.86
3401,174.43
3402,72.66
3403,117.52
3404,136.19
3405,56.07
3406,127.17
3407,129.1
3408,140.32
3409,67.2
3410,55.99
3411,74.08
3412,202.98
3413,40.2
3414,65.5
3415,114.83
3416,179.27
3417,137.65
3418,164.9
3419,158.5
3420,113.03
3421,62.06
3422,67.77
3423,105.85
3424,139.98
3425,119.68
3426,65.87
3427,128.46
3428,197.96
3429,59.1
3430,82.56
3431,161.57
3432,100.42
3433,77.21
3434,110.66
3435,473.91
3436,237.6
3437,143.02
3438,209.92
3439,188.12
3440,225.46
3441,99.92
3442,63.13
3443,119.37
3444,154.29
3445,54.27
3446,116.23
3447,44.7
3448,74.98
3449,32.43
3450,68.02
3451,119.01
3452,105.15
3453,121.95
3454,121.82
3455,67.39
3456,154.09
3457,121.79
3458,124.42
3459,53.04
3460,106.45
3461,121.38
3462,68.05
3463,55.03
3464,127.86
3465,305.72
3466,70.12
3467,148.63
3468,185.59
3469,86.34
3470,119.99
3471,64.74
3472,61.72
3473,177.51
3474,179.53
3475,105.99
3476,110.47
3477,125.92
3478,73.2
3479,177.95
3480,44.12
3481,292.08
3482,116.77
3483,187.35
3484,75.55
3485,114.07
3486,160.92
3487,45.23
3488,189.09
3489,165.41
3490,46.92
3491,76.89
3492,158.39
3493,334.9
3494,58.51
3495,117.23
3496,158.86
3497,116.17
3498,47.11
3499,62.21
3500,115.17
3501,124.01
3502,139.7
3503,122.1
3504,164.51
3505,97.75
3506,119.56
3507,70.23
3508,123.72
3509,66.6
3510,66.4
3511,120.45
3512,46.14
3513,142.32
3514,60.72
3515,124.7
3516,74.68
3517,61.58
3518,44.57
3519,124.87
3520,195.58
3521,53.64
3522,91.11
3523,123.16
3524,143.45
3525,197.97
3526,55.1
3527,123.73
3528,189.21
3529,137.95
3530,189.45
3531,61.36
3532,65.26
3533,65.49
3534,566.72
3535,156.95
3536,44.55
3537,161.69
3538,72.04
3539,48.45
3540,156.78
3541,313.6
3542,89.6
3543,52.7
3544,132.12
3545,150.38
3546,241.16
3547,140.12
3548,168.52
3549,73.7
3550,162.91
3551,168.42
3552,66.12
3553,252.36
3554,85.81
3555,137.96
3556,161.74
3557,101.93
3558,65.05
3559,196.99
3560,69.46
3561,116.68
3562,170.94
3563,49.41
3564,131.77
3565,62.73
3566,68.77
3567,188.1
3568,65.66
3569,226.47
3570,85.39
3571,174.22
3572,82.31
3573,117.62
3574,45.74
3575,170.06
3576,148.13
3577,112.97
3578,97.61
3579,53.59
3580,114.18
3581,142.47
3582,119.05
3583,125.94
3584,126.1
3585,123.81
3586,40.46
3587,61.51
3588,71.13
3589,160.68
3590,438.35
3591,146.42
3592,73.6
3593,113.85
3594,121.87
3595,55.49
3596,199.24
3597,65.25
3598,161.78
3599,50.49
3600,154.59
3601,54.25
3602,165.68
3603,69.09
3604,87.6
3605,124.39
3606,134.5
3607,67.28
3608,60.38
3609,153.91
3610,126.51
3611,139.01
3612,132.33
3613,165.56
3614,68.21
3615,105.18
3616,106.73
3617,107.35
3618,148.72
3619,148.97
3620,66.48
3621,62.92
3622,174.56
3623,61.51
3624,61.14
3625,213.65
3626,123.76
3627,114.89
3628,253.42
3629,64.44
3630,85.11
3631,151.19
3632,303.6
3633,193.06
3634,106.2
3635,189.4
3636,56.31
3637,49.32
3638,43.83
3639,49.67
3640,49.89
3641,173.08
3642,45.99
3643,87.61
3644,119.21
3645,52.11
3646,114.5
3647,208.5
3648,52.01
3649,130.94
3650,148.82
3651,180.43
3652,123.46
3653,130.15
3654,76.84
3655,66.76
3656,51.61
3657,74.54
3658,187.43
3659,206.64
3660,65.32
3661,52.55
3662,119.5
3663,158.26
3664,111.35
3665,121.29
3666,72.27
3667,75.53
3668,59.05
3669,71.41
3670,193.22
3671,141.1
3672,149.02
3673,122.12
3674,61.3
3675,118.35
3676,211.6
3677,55.85
3678,52.2
3679,107.47
3680,114.73
3681,99.15
3682,157.28
3683,69.49
3684,71.13
3685,123.69
3686,236.72
3687,69.86
3688,181.36
3689,64.27
3690,101.84
3691,51.02
3692,85.11
3693,79.84
3694,119.16
3695,124.35
3696,62.45
3697,137.27
3698,65.18
3699,117.57
3700,122.31
3701,201.7
3702,191.23
3703,125.95
3704,51.8
3705,66.36
3706,74.12
3707,149.67
3708,189.23
3709,193.24
3710,156.1
3711,131.82
3712,79.34
3713,203.24
3714,53.52
3715,52.79
3716,119.61
3717,155.1
3718,67.06
3719,68.26
3720,191.44
3721,68.31
3722,148.73
3723,186.77
3724,106.07
3725,68.17
3726,183.63
3727,108.39
3728,159.16
3729,67.96
3730,121.52
3731,66.89
3732,54.03
3733,120.26
3734,136.71
3735,91.67
3736,172.53
3737,63.27
3738,119.77
3739,115.87
3740,141.52
3741,118.05
3742,63.25
3743,180.2
3744,55.55
3745,98.65
3746,90.98
3747,103.83
3748,153.96
3749,167.44
3750,49.91
3751,177.52
3752,239.56
3753,70.57
3754,66.3
3755,54.64
3756,168.11
3757,90.54
3758,101.22
3759,172.94
3760,71.78
3761,135.16
3762,130.22
3763,104.33
3764,123.7
3765,113.22
3766,188.0
3767,114.72
3768,134.57
3769,55.8
3770,157.91
3771,102.32
3772,125.71
3773,152.94
3774,182.52
3775,140.06
3776,51.39
3777,66.08
3778,50.8
3779,76.94
3780,65.91
3781,75.75
3782,118.97
3783,107.73
3784,175.27
3785,195.68
3786,358.08
3787,57.8
3788,224.68
3789,222.41
3790,64.55
3791,232.55
3792,54.13
3793,55.44
3794,151.17
3795,35.35
3796,155.56
3797,61.84
3798,148.56
3799,375.52
3800,55.03
3801,118.23
3802,77.15
3803,130.42
3804,133.83
3805,231.84
3806,95.78
3807,69.74
3808,186.85
3809,153.1
3810,152.97
3811,43.42
3812,113.49
3813,103.52
3814,177.58
3815,123.57
3816,63.4
3817,387.79
3818,58.5
3819,127.32
3820,151.25
3821,65.53
3822,55.7
3823,210.79
3824,155.09
3825,148.54
3826,129.64
3827,148.92
3828,127.71
3829,165.48
3830,201.03
3831,187.84
3832,161.28
3833,148.58
3834,310.45
3835,48.9
3836,168.31
3837,87.2
3838,76.57
3839,51.61
3840,120.12
3841,141.16
3842,153.5
3843,48.31
3844,131.12
3845,54.56
3846,165.7
3847,121.29
3848,120.22
3849,48.71
3850,34.94
3851,177.06
3852,320.42
3853,51.95
3854,292.09
3855,165.47
3856,123.99
3857,156.43
3858,120.01
3859,61.26
3860,187.49
3861,187.49
3862,191.89
3863,82.13
3864,374.09
3865,134.47
3866,71.13
3867,66.29
3868,68.42
3869,155.05
3870,149.92
3871,122.18
3872,118.82
3873,119.45
3874,119.24
3875,64.62
3876,194.72
3877,128.17
3878,171.51
3879,65.22
3880,123.81
3881,404.59
3882,348.54
3883,160.57
3884,64.44
3885,116.03
3886,61.75
3887,111.1
3888,119.6
3889,47.37
3890,73.25
3891,185.08
3892,148.9
3893,132.36
3894,125.64
3895,94.74
3896,124.72
3897,111.49
3898,56.35
3899,169.31
3900,172.15
3901,54.29
3902,149.33
3903,167.77
3904,139.76
3905,103.69
3906,238.06
3907,171.91
3908,158.89
3909,49.85
3910,118.12
3911,60.9
3912,127.38
3913,118.99
3914,54.53
3915,51.84
3916,70.68
3917,51.41
3918,186.24
3919,125.27
3920,67.56
3921,132.2
3922,203.34
3923,60.69
3924,161.56
3925,116.92
3926,251.29
3927,87.88
3928,61.26
3929,195.25
3930,67.15
3931,73.54
3932,180.79
3933,121.67
3934,154.61
3935,173.02
3936,125.43
3937,64.28
3938,160.47
3939,43.3
3940,60.55
3941,158.85
3942,115.81
3943,167.49
3944,106.2
3945,114.76
3946,169.44
3947,63.37
3948,171.52
3949,143.41
3950,78.71
3951,155.13
3952,124.25
3953,110.29
3954,139.7
3955,57.27
3956,126.35
3957,60.18
3958,64.0
3959,56.47
3960,52.01
3961,109.95
3962,98.0
3963,228.58
3964,195.76
3965,136.43
3966,118.03
3967,160.53
3968,68.95
3969,80.29
3970,59.4
3971,119.43
3972,158.05
3973,171.72
3974,172.82
3975,169.45
3976,58.26
3977,55.76
3978,176.19
3979,287.83
3980,51.86
3981,79.54
3982,130.81
3983,50.45
3984,94.79
3985,105.95
3986,136.68
3987,133.05
3988,114.4
3989,177.54
3990,53.32
3991,68.28
3992,87.86
3993,68.1
3994,53.09
3995,135.79
3996,223.31
3997,123.56
3998,182.4
3999,144.13
4000,63.55
4001,127.54
4002,123.36
4003,66.72
4004,62.07
4005,147.12
4006,126.48
4007,128.82
4008,136.48
4009,181.64
4010,144.73
4011,131.8
4012,160.18
4013,53.94
4014,149.6
4015,84.4
4016,46.55
4017,46.96
4018,107.49
4019,176.13
4020,146.53
4021,52.98
4022,124.67
4023,175.0
4024,111.99
4025,119.36
4026,121.13
4027,122.51
4028,42.67
4029,42.64
4030,56.3
4031,50.77
4032,284.71
4033,63.67
4034,139.14
4035,270.78
4036,374.5
4037,63.81
4038,66.1
4039,170.55
4040,166.41
4041,58.19
4042,156.82
4043,49.91
4044,72.68
4045,543.68
4046,52.99
4047,80.02
4048,233.7
4049,71.29
4050,71.33
4051,115.56
4052,51.25
4053,61.72
4054,158.38
4055,62.48
4056,110.96
4057,39.93
4058,154.23
4059,56.08
4060,131.02
4061,209.27
4062,48.98
4063,124.52
4064,55.48
4065,50.91
4066,129.01
4067,144.86
4068,120.39
4069,65.76
4070,58.46
4071,56.05
4072,299.65
4073,115.94
4074,100.38
4075,51.73
4076,56.55
4077,155.83
4078,147.32
4079,142.76
4080,56.76
4081,152.34
4082,157.47
4083,114.56
4084,63.06
4085,181.43
4086,79.87
4087,78.09
4088,59.53
4089,71.51
4090,72.5
4091,71.5
4092,104.53
4093,113.01
4094,67.3
4095,110.93
4096,174.2
4097,131.34
4098,122.34
4099,52.96
4100,104.72
4101,122.04
4102,80.4
4103,236.51
4104,250.58
4105,106.41
4106,174.64
4107,88.38
4108,228.76
4109,70.29
4110,68.51
4111,178.68
4112,149.36
4113,106.9
4114,110.55
4115,117.32
4116,117.34
4117,90.08
4118,58.27
4119,251.21
4120,138.45
4121,123.08
4122,110.2
4123,111.01
4124,127.32
4125,122.48
4126,173.55
4127,132.42
4128,160.07
4129,108.06
4130,95.07
4131,113.75
4132,76.31
4133,128.5
4134,230.13
4135,161.68
4136,128.94
4137,107.26
4138,174.07
4139,179.82
4140,67.21
4141,52.74
4142,74.59
4143,107.16
4144,142.06
4145,56.9
4146,125.24
4147,91.13
4148,73.99
4149,153.2
4150,90.7
4151,81.23
4152,77.01
4153,81.25
4154,113.27
4155,124.18
4156,227.75
4157,123.28
4158,106.59
4159,100.8
4160,155.02
4161,117.88
4162,158.64
4163,72.49
4164,179.28
4165,181.4
4166,96.32
4167,171.65
4168,113.69
4169,226.59
4170,54.1
4171,52.84
4172,131.49
4173,365.37
4174,63.62
4175,186.07
4176,185.47
4177,134.04
4178,134.55
4179,115.99
4180,57.85
4181,272.61
4182,166.64
4183,175.82
4184,54.35
4185,149.87
4186,61.84
4187,113.03
4188,132.09
4189,147.76
4190,143.29
4191,156.15
4192,54.61
4193,73.09
4194,65.55
4195,50.39
4196,59.06
4197,112.05
4198,145.7
4199,143.26
4200,88.65
4201,49.12
4202,184.28
4203,70.02
4204,360.39
4205,118.84
4206,118.78
4207,85.79
4208,136.35
4209,121.59
4210,153.11
4211,180.17
4212,76.08
4213,125.5
4214,56.11
4215,125.86
4216,62.6
4217,129.21
4218,67.99
4219,71.01
4220,146.32
4221,185.71
4222,177.28
4223,50.48
4224,115.26
4225,64.47
4226,171.73
4227,64.67
4228,66.15
4229,138.68
4230,137.38
4231,343.53
4232,58.94
4233,62.81
4234,127.98
4235,110.94
4236,141.52
4237,52.45
4238,57.19
4239,68.65
4240,158.21
4241,238.85
4242,108.61
4243,189.63
4244,118.36
4245,64.74
4246,211.41
4247,57.06
4248,260.06
4249,142.6
4250,106.32
4251,70.81
4252,52.51
4253,131.0
4254,104.9
4255,84.34
4256,149.12
4257,64.47
4258,62.11
4259,325.01
4260,184.92
4261,83.3
4262,50.74
4263,163.73
4264,48.63
4265,106.23
4266,159.63
4267,107.31
4268,75.69
4269,173.86
4270,218.62
4271,72.19
4272,66.58
4273,102.68
4274,225.97
4275,65.64
4276,164.6
4277,69.48
4278,128.78
4279,60.07
4280,57.43
4281,83.27
4282,164.23
4283,177.51
4284,156.66
4285,53.07
4286,119.0
4287,179.6
4288,164.16
4289,85.64
4290,64.14
4291,150.37
4292,129.21
4293,196.75
4294,117.6
4295,121.71
4296,69.93
4297,62.8
4298,175.34
4299,163.95
4300,179.21
4301,136.04
4302,64.61
4303,141.5
4304,61.95
4305,80.06
4306,179.09
4307,56.91
4308,119.67
4309,310.07
4310,214.21
4311,123.53
4312,126.63
4313,51.71
4314,294.98
4315,146.81
4316,70.48
4317,142.7
4318,144.35
4319,158.81
4320,50.47
4321,146.45
4322,62.01
4323,123.53
4324,279.86
4325,81.35
4326,88.85
4327,125.87
4328,92.44
4329,184.87
4330,71.14
4331,208.53
4332,96.11
4333,168.5
4334,73.23
4335,200.98
4336,200.82
4337,123.11
4338,138.62
4339,171.12
4340,176.49
4341,150.1
4342,128.72
4343,64.47
4344,158.42
4345,173.88
4346,159.69
4347,51.99
4348,114.62
4349,65.75
4350,133.78
4351,159.66
4352,249.65
4353,153.56
4354,155.22
4355,122.33
4356,118.9
4357,51.46
4358,184.7
4359,190.8
4360,49.66
4361,90.7
4362,55.06
4363,62.46
4364,156.87
4365,171.47
4366,166.69
4367,106.81
4368,397.22
4369,68.34
4370,104.08
4371,63.61
4372,64.43
4373,213.86
4374,204.53
4375,37.75
4376,45.01
4377,50.79
4378,125.91
4379,39.62
4380,104.39
4381,84.33
4382,173.35
4383,77.68
4384,175.28
4385,109.9
4386,57.88
4387,69.8
4388,64.45
4389,201.9
4390,65.75
4391,98.76
4392,473.45
4393,65.62
4394,58.34
4395,51.65
4396,426.67
4397,98.69
4398,264.69
4399,57.85
4400,59.6
4401,100.2
4402,116.23
4403,73.56
4404,207.06
4405,98.22
4406,148.19
4407,257.44
4408,62.8
4409,64.15
4410,202.08
4411,68.43
4412,64.93
4413,65.88
4414,49.33
4415,123.34
4416,129.51
4417,118.06
4418,67.76
4419,118.68
4420,126.66
4421,180.45
4422,158.83
4423,163.52
4424,51.97
4425,54.8
4426,176.64
4427,73.21
4428,177.99
4429,62.38
4430,182.62
4431,113.21
4432,185.4
4433,66.65
4434,151.45
4435,622.67
4436,49.01
4437,151.25
4438,50.76
4439,59.83
4440,54.55
4441,50.41
4442,55.91
4443,50.56
4444,317.16
4445,125.47
4446,74.22
4447,135.06
4448,89.31
4449,142.27
4450,69.3
4451,54.95
4452,309.07
4453,115.49
4454,77.17
4455,128.45
4456,139.24
4457,56.66
4458,231.51
4459,85.8
4460,138.46
4461,192.92
4462,203.06
4463,97.36
4464,47.78
4465,62.96
4466,71.91
4467,115.41
4468,50.28
4469,118.95
4470,186.31
4471,100.69
4472,133.68
4473,175.29
4474,136.69
4475,151.01
4476,68.41
4477,183.84
4478,283.31
4479,106.91
4480,58.9
4481,115.74
4482,121.19
4483,61.28
4484,62.73
4485,58.25
4486,124.24
4487,68.3
4488,167.47
4489,80.56
4490,120.99
4491,45.28
4492,67.09
4493,131.08
4494,98.46
4495,171.52
4496,252.28
4497,130.1
4498,50.53
4499,142.73
4500,140.66
4501,50.2
4502,139.58
4503,63.64
4504,54.66
4505,160.66
4506,195.39
4507,73.28
4508,55.03
4509,119.93
4510,56.4
4511,53.56
4512,106.92
4513,182.29
4514,113.66
4515,104.03
4516,169.46
4517,108.48
4518,103.59
4519,90.72
4520,64.78
4521,54.06
4522,222.42
4523,152.59
4524,121.04
4525,48.29
4526,167.47
4527,115.03
4528,93.12
4529,49.28
4530,103.77
4531,177.18
4532,132.03
4533,128.53
4534,123.98
4535,65.0
4536,97.75
4537,42.7
4538,167.19
4539,66.52
4540,139.19
4541,64.52
4542,178.96
4543,70.2
4544,153.75
4545,58.61
4546,116.76
4547,170.2
4548,119.52
4549,119.63
4550,79.96
4551,234.95
4552,123.01
4553,72.08
4554,59.89
4555,112.49
4556,116.94
4557,169.67
4558,64.96
4559,46.79
4560,89.12
4561,69.85
4562,57.86
4563,171.66
4564,40.28
4565,249.75
4566,118.13
4567,159.41
4568,183.12
4569,49.75
4570,154.63
4571,146.13
4572,173.33
4573,108.15
4574,201.39
4575,46.63
4576,154.37
4577,154.41
4578,65.13
4579,121.66
4580,127.66
4581,242.33
4582,213.03
4583,65.61
4584,39.4
4585,119.39
4586,66.09
4587,166.7
4588,169.74
4589,284.16
4590,43.71
4591,143.78
4592,52.41
4593,155.37
4594,133.07
4595,129.89
4596,111.03
4597,133.99
4598,47.23
4599,122.16
4600,69.61
4601,121.1
4602,47.5
4603,128.94
4604,231.98
4605,104.34
4606,313.68
4607,164.1
4608,133.75
4609,176.44
4610,179.89
4611,46.43
4612,318.5
4613,128.67
4614,365.92
4615,53.32
4616,127.97
4617,153.37
4618,183.74
4619,120.05
4620,85.52
4621,76.57
4622,146.63
4623,133.7
4624,134.59
4625,58.88
4626,127.94
4627,66.04
4628,55.49
4629,155.02
4630,126.99
4631,181.2
4632,48.32
4633,60.08
4634,69.58
4635,136.19
4636,58.29
4637,55.06
4638,128.79
4639,48.67
4640,68.31
4641,77.01
4642,115.18
4643,114.12
4644,115.15
4645,70.78
4646,87.45
4647,92.36
4648,142.35
4649,45.74
4650,130.02
4651,134.7
4652,180.2
4653,63.62
4654,133.31
4655,126.69
4656,67.87
4657,172.64
4658,219.44
4659,62.51
4660,126.72
4661,135.01
4662,167.08
4663,265.31
4664,166.5
4665,125.94
4666,158.11
4667,133.97
4668,128.42
4669,161.33
4670,71.06
4671,70.37
4672,159.51
4673,148.92
4674,194.97
4675,173.56
4676,177.2
4677,154.59
4678,55.15
4679,121.24
4680,107.35
4681,146.66
4682,169.43
4683,46.95
4684,114.32
4685,129.27
4686,58.47
4687,124.57
4688,74.93
4689,128.15
4690,70.74
4691,112.44
4692,119.03
4693,58.05
4694,215.21
4695,52.63
4696,51.93
4697,122.28
4698,129.83
4699,185.56
4700,99.58
4701,40.7
4702,103.02
4703,189.05
4704,107.95
4705,155.94
4706,303.62
4707,224.73
4708,115.97
4709,182.32
4710,90.96
4711,113.68
4712,162.84
4713,57.06
4714,175.76
4715,225.58
4716,127.18
4717,69.6
4718,57.39
4719,195.56
4720,59.45
4721,169.65
4722,159.09
4723,87.29
4724,109.05
4725,63.92
4726,98.84
4727,52.16
4728,66.47
4729,183.48
4730,193.0
4731,148.31
4732,53.21
4733,134.72
4734,141.11
4735,104.0
4736,191.34
4737,116.51
4738,185.61
4739,160.53
4740,118.34
4741,119.03
4742,151.99
4743,117.93
4744,225.96
4745,77.19
4746,169.52
4747,65.66
4748,65.0
4749,213.98
4750,327.04
4751,65.96
4752,365.44
4753,255.8
4754,187.05
4755,50.93
4756,155.74
4757,143.22
4758,181.62
4759,113.6
4760,151.55
4761,76.54
4762,264.05
4763,155.75
4764,153.12
4765,43.77
4766,181.24
4767,45.49
4768,176.84
4769,70.27
4770,65.17
4771,89.24
4772,373.22
4773,96.96
4774,149.37
4775,243.65
4776,200.38
4777,287.04
4778,48.6
4779,57.47
4780,156.84
4781,83.51
4782,140.84
4783,65.07
4784,108.25
4785,88.74
4786,64.73
4787,53.52
4788,173.69
4789,152.32
4790,121.95
4791,73.04
4792,166.18
4793,168.95
4794,181.96
4795,50.0
4796,122.47
4797,104.73
4798,58.62
4799,56.28
4800,64.72
4801,129.77
4802,142.63
4803,148.31
4804,123.59
4805,175.83
4806,58.79
4807,127.47
4808,122.37
4809,54.36
4810,59.88
4811,120.6
4812,65.55
4813,126.94
4814,153.3
4815,128.34
4816,155.28
4817,125.45
4818,76.79
4819,50.58
4820,136.5
4821,71.93
4822,126.5
4823,223.68
4824,142.77
4825,53.48
4826,165.39
4827,152.96
4828,127.23
4829,50.87
4830,112.95
4831,132.33
4832,128.33
4833,150.41
4834,152.16
4835,136.56
4836,116.1
4837,131.95
4838,51.38
4839,183.95
4840,96.0
4841,158.85
4842,147.73
4843,61.41
4844,163.93
4845,405.05
4846,46.05
4847,200.19
4848,132.13
4849,46.49
4850,148.87
4851,537.19
4852,111.28
4853,167.37
4854,146.12
4855,244.05
4856,157.32
4857,112.92
4858,120.54
4859,211.11
4860,51.75
4861,159.73
4862,162.23
4863,155.23
4864,173.62
4865,69.51
4866,119.54
4867,49.94
4868,62.31
4869,51.06
4870,222.46
4871,90.63
4872,50.3
4873,115.24
4874,184.87
4875,132.09
4876,153.57
4877,98.45
4878,220.86
4879,303.1
4880,70.85
4881,111.19
4882,110.06
4883,158.33
4884,171.18
4885,116.98
4886,119.88
4887,55.71
4888,119.04
4889,162.11
4890,82.6
4891,163.91
4892,131.94
4893,170.99
4894,191.03
4895,130.06
4896,111.14
4897,67.43
4898,207.9
4899,164.89
4900,194.02
4901,158.6
4902,137.73
4903,155.74
4904,163.04
4905,182.46
4906,124.9
4907,97.38
4908,115.02
4909,62.04
4910,55.3
4911,69.34
4912,111.62
4913,149.39
4914,63.12
4915,257.78
4916,142.07
4917,47.57
4918,138.45
4919,231.75
4920,54.77
4921,95.06
4922,66.54
4923,133.22
4924,59.14
4925,118.43
4926,232.26
4927,62.13
4928,48.68
4929,59.2
4930,136.67
4931,328.18
4932,104.1
4933,39.16
4934,238.69
4935,56.85
4936,70.16
4937,70.68
4938,145.56
4939,174.9
4940,111.46
4941,177.24
4942,165.59
4943,199.36
4944,166.27
4945,63.16
4946,228.1
4947,56.06
4948,365.53
4949,170.34
4950,109.21
4951,219.31
4952,169.88
4953,119.43
4954,45.11
4955,44.04
4956,194.81
4957,163.55
4958,200.98
4959,178.85
4960,185.4
4961,226.86
4962,178.27
4963,56.73
4964,160.29
4965,49.12
4966,65.41
4967,143.13
4968,141.17
4969,139.57
4970,184.2
4971,173.26
4972,267.21
4973,72.55
4974,124.48
4975,109.6
4976,50.51
4977,164.51
4978,137.52
4979,44.35
4980,135.72
4981,66.35
4982,141.03
4983,61.88
4984,184.01
4985,116.6
4986,132.24
4987,138.83
4988,115.81
4989,128.47
4990,49.78
4991,133.38
4992,172.67
4993,67.72
4994,72.33
4995,167.45
4996,110.38
4997,75.82
4998,246.56
4999,127.02
5000,58.45
5001,49.01
5002,128.51
5003,108.77
5004,104.28
5005,157.88
5006,197.68
5007,142.24
5008,173.06
5009,60.34
5010,268.74
5011,61.93
5012,170.76
5013,180.38
5014,166.78
5015,55.26
5016,64.02
5017,53.19
5018,109.4
5019,65.25
5020,281.77
5021,199.18
5022,174.54
5023,78.61
5024,113.33
5025,182.61
5026,67.54
5027,130.78
5028,368.96
5029,229.06
5030,91.67
5031,167.86
5032,116.56
5033,55.43
5034,154.37
5035,164.12
5036,46.9
5037,172.41
5038,122.62
5039,45.47
5040,61.0
5041,117.34
5042,159.58
5043,127.57
5044,169.47
5045,175.34
5046,134.59
5047,71.93
5048,159.37
5049,51.46
5050,70.22
5051,154.29
5052,197.42
5053,105.6
5054,146.09
5055,165.16
5056,158.47
5057,127.12
5058,65.13
5059,164.7
5060,64.94
5061,175.96
5062,191.53
5063,55.36
5064,171.83
5065,54.1
5066,119.61
5067,101.21
5068,66.81
5069,116.87
5070,53.57
5071,113.09
5072,56.32
5073,221.19
5074,50.98
5075,279.79
5076,60.67
5077,72.51
5078,122.18
5079,171.81
5080,52.66
5081,85.18
5082,59.95
5083,55.56
5084,63.0
5085,136.41
5086,216.49
5087,152.06
5088,150.36
5089,51.63
5090,52.16
5091,48.09
5092,48.58
5093,120.9
5094,53.1
5095,123.42
5096,58.4
5097,361.66
5098,87.26
5099,120.91
5100,192.43
5101,177.05
5102,112.97
5103,60.81
5104,267.63
5105,46.12
5106,54.76
5107,68.24
5108,164.3
5109,115.07
5110,43.28
5111,44.89
5112,190.19
5113,66.61
5114,166.03
5115,165.32
5116,54.81
5117,102.87
5118,95.28
5119,51.94
5120,157.84
5121,47.98
5122,64.66
5123,59.7
5124,121.03
5125,247.47
5126,99.56
5127,187.78
5128,110.13
5129,253.15
5130,118.02
5131,113.37
5132,59.97
5133,46.55
5134,154.89
5135,163.97
5136,393.44
5137,99.13
5138,256.6
5139,166.33
5140,120.72
5141,138.39
5142,219.16
5143,43.56
5144,51.18
5145,219.87
5146,155.16
5147,47.26
5148,165.29
5149,51.59
5150,230.56
5151,165.64
5152,169.12
5153,164.35
5154,59.93
5155,179.8
5156,204.39
5157,49.4
5158,68.94
5159,190.86
5160,137.79
5161,205.92
5162,83.18
5163,156.78
5164,50.38
5165,67.86
5166,53.25
5167,131.47
5168,201.97
5169,109.93
5170,129.05
5171,239.9
5172,226.89
5173,167.51
5174,111.17
5175,183.94
5176,152.0
5177,89.2
5178,186.36
5179,257.24
5180,62.1
5181,129.89
5182,129.18
5183,121.17
5184,156.99
5185,237.36
5186,51.04
5187,122.92
5188,149.39
5189,167.97
5190,161.14
5191,98.09
5192,190.93
5193,156.97
5194,51.3
5195,173.71
5196,118.17
5197,186.34
5198,122.15
5199,131.64
5200,145.88
5201,182.61
5202,149.41
5203,234.5
5204,100.29
5205,135.4
5206,65.03
5207,122.35
5208,56.51
5209,70.04
5210,118.04
5211,70.8
5212,165.76
5213,55.77
5214,72.28
5215,50.43
5216,303.63
5217,168.45
5218,90.32
5219,173.51
5220,186.44
5221,134.29
5222,313.33
5223,231.66
5224,42.28
5225,181.17
5226,218.82
5227,196.8
5228,125.44
5229,164.26
5230,122.43
5231,52.48
5232,111.62
5233,97.19
5234,127.45
5235,51.08
5236,147.08
5237,56.64
5238,216.96
5239,570.53
5240,155.83
5241,113.39
5242,249.82
5243,53.8
5244,48.92
5245,61.11
5246,130.47
5247,286.11
5248,47.91
5249,172.58
5250,58.02
5251,51.6
5252,211.22
5253,164.16
5254,44.72
5255,119.89
5256,51.88
5257,44.76
5258,93.54
5259,164.43
5260,144.55
5261,52.15
5262,125.54
5263,161.85
5264,589.56
5265,152.83
5266,132.8
5267,100.43
5268,60.04
5269,162.96
5270,60.68
5271,67.33
5272,51.06
5273,137.04
5274,191.16
5275,132.71
5276,68.78
5277,209.02
5278,182.86
5279,170.48
5280,109.4
5281,158.8
5282,61.72
5283,73.94
5284,109.09
5285,125.36
5286,192.9
5287,142.43
5288,46.59
5289,70.06
5290,135.6
5291,50.03
5292,133.23
5293,142.13
5294,33.21
5295,163.42
5296,103.64
5297,99.13
5298,67.18
5299,170.26
5300,64.52
5301,131.02
5302,114.63
5303,94.58
5304,90.63
5305,146.74
5306,41.42
5307,93.0
5308,95.69
5309,62.33
5310,349.01
5311,161.49
5312,59.91
5313,115.36
5314,66.73
5315,66.53
5316,265.33
5317,206.04
5318,124.24
5319,58.06
5320,166.58
5321,160.15
5322,173.87
5323,135.77
5324,66.59
5325,63.28
5326,121.74
5327,57.55
5328,75.7
5329,192.05
5330,142.03
5331,177.0
5332,167.38
5333,172.9
5334,71.76
5335,168.72
5336,62.89
5337,76.83
5338,64.14
5339,164.48
5340,67.34
5341,180.43
5342,123.92
5343,225.43
5344,134.25
5345,179.54
5346,52.73
5347,123.6
5348,143.1
5349,289.16
5350,190.58
5351,121.22
5352,123.34
5353,109.0
5354,96.72
5355,146.85
5356,133.39
5357,52.59
5358,65.18
5359,145.93
5360,91.03
5361,72.11
5362,55.74
5363,154.11
5364,91.75
5365,62.09
5366,109.96
5367,210.68
5368,80.52
5369,84.09
5370,62.88
5371,59.77
5372,71.33
5373,202.15
5374,173.78
5375,163.11
5376,59.08
5377,48.89
5378,73.93
5379,71.69
5380,136.72
5381,120.05
5382,49.53
5383,141.57
5384,48.04
5385,54.84
5386,61.34
5387,113.05
5388,159.29
5389,182.73
5390,162.61
5391,61.37
5392,247.42
5393,156.65
5394,122.02
5395,201.29
5396,51.45
5397,185.58
5398,87.71
5399,146.28
5400,192.0
5401,73.66
5402,115.86
5403,54.44
5404,87.35
5405,269.3
5406,141.02
5407,182.22
5408,157.17
5409,124.95
5410,48.14
5411,209.49
5412,71.69
5413,142.0
5414,55.24
5415,166.84
5416,82.76
5417,72.14
5418,180.61
5419,176.15
5420,128.02
5421,114.06
5422,93.97
5423,140.15
5424,144.41
5425,125.95
5426,122.04
5427,67.99
5428,148.06
5429,121.8
5430,64.52
5431,68.04
5432,123.15
5433,177.25
5434,63.84
5435,135.18
5436,184.43
5437,61.4
5438,68.41
5439,126.32
5440,156.6
5441,183.44
5442,146.03
5443,131.87
5444,67.29
5445,279.12
5446,153.44
5447,168.03
5448,126.07
5449,67.35
5450,63.63
5451,55.34
5452,80.93
5453,212.08
5454,82.37
5455,330.59
5456,66.14
5457,115.47
5458,56.31
5459,88.44
5460,50.19
5461,50.75
5462,55.76
5463,128.68
5464,167.62
5465,148.75
5466,66.61
5467,130.09
5468,70.09
5469,57.12
5470,110.4
5471,127.69
5472,125.13
5473,350.63
5474,75.26
5475,167.35
5476,656.65
5477,143.2
5478,147.37
5479,128.69
5480,120.45
5481,213.03
5482,256.54
5483,79.88
5484,101.97
5485,61.49
5486,44.51
5487,190.35
5488,190.48
5489,139.7
5490,99.22
5491,52.26
5492,97.8
5493,64.73
5494,150.48
5495,45.7
5496,96.24
5497,125.9
5498,73.04
5499,70.25
5500,236.53
5501,67.75
5502,85.39
5503,141.92
5504,117.65
5505,103.39
5506,139.52
5507,166.37
5508,135.85
5509,57.1
5510,90.37
5511,120.15
5512,127.66
5513,171.71
5514,98.92
5515,131.15
5516,150.02
5517,68.44
5518,93.82
5519,56.44
5520,81.62
5521,138.15
5522,198.03
5523,104.84
5524,125.59
5525,209.49
5526,205.41
5527,121.62
5528,182.7
5529,152.5
5530,65.29
5531,54.16
5532,55.3
5533,92.11
5534,120.83
5535,139.03
5536,149.65
5537,185.75
5538,88.44
5539,77.69
5540,136.25
5541,73.4
5542,335.15
5543,49.95
5544,167.13
5545,142.17
5546,49.37
5547,124.85
5548,60.78
5549,64.89
5550,103.64
5551,357.79
5552,156.08
5553,154.32
5554,154.37
5555,73.85
5556,119.0
5557,72.83
5558,70.24
5559,173.78
5560,153.76
5561,63.03
5562,94.39
5563,52.63
5564,186.15
5565,53.3
5566,138.32
5567,52.04
5568,69.44
5569,129.38
5570,151.39
5571,122.92
5572,122.95
5573,135.69
5574,165.08
5575,56.09
5576,69.7
5577,151.18
5578,152.71
5579,116.57
5580,65.32
5581,171.14
5582,185.15
5583,193.59
5584,187.84
5585,132.98
5586,143.1
5587,134.05
5588,68.35
5589,80.03
5590,202.52
5591,56.41
5592,70.78
5593,151.32
5594,108.33
5595,155.45
5596,136.88
5597,111.14
5598,63.85
5599,68.21
5600,58.29
5601,71.51
5602,154.27
5603,121.45
5604,53.99
5605,185.69
5606,64.92
5607,154.1
5608,59.87
5609,46.34
5610,45.58
5611,50.83
5612,50.37
5613,133.27
5614,224.5
5615,138.43
5616,73.87
5617,148.35
5618,67.94
5619,192.05
5620,114.23
5621,125.79
5622,82.86
5623,112.67
5624,137.42
5625,174.34
5626,145.29
5627,206.16
5628,114.27
5629,118.45
5630,66.2
5631,66.88
5632,128.2
5633,122.44
5634,101.2
5635,85.99
5636,70.98
5637,131.48
5638,59.76
5639,136.54
5640,52.25
5641,149.81
5642,123.18
5643,56.38
5644,363.7
5645,46.47
5646,157.38
5647,201.51
5648,77.51
5649,119.31
5650,68.76
5651,56.21
5652,61.17
5653,69.23
5654,165.28
5655,70.43
5656,132.18
5657,189.11
5658,68.94
5659,69.3
5660,116.65
5661,50.9
5662,115.74
5663,273.67
5664,244.53
5665,115.21
5666,152.52
5667,119.24
5668,64.28
5669,62.54
5670,62.25
5671,96.24
5672,129.8
5673,158.95
5674,163.87
5675,141.26
5676,106.82
5677,81.56
5678,128.97
5679,133.36
5680,129.72
5681,138.11
5682,174.92
5683,58.57
5684,96.88
5685,60.49
5686,138.91
5687,72.13
5688,109.32
5689,98.81
5690,166.01
5691,60.06
5692,160.19
5693,223.07
5694,57.63
5695,65.09
5696,142.83
5697,52.71
5698,90.23
5699,69.79
5700,179.04
5701,68.67
5702,173.36
5703,134.98
5704,48.55
5705,106.93
5706,121.82
5707,230.68
5708,113.48
5709,109.08
5710,94.39
5711,131.78
5712,139.65
5713,194.26
5714,174.35
5715,84.87
5716,115.65
5717,57.0
5718,110.83
5719,123.4
5720,60.94
5721,65.42
5722,44.2
5723,169.66
5724,158.88
5725,59.47
5726,50.85
5727,91.11
5728,236.4
5729,58.98
5730,46.95
5731,63.8
5732,61.33
5733,62.57
5734,111.85
5735,86.5
5736,108.26
5737,270.47
5738,122.24
5739,152.54
5740,61.9
5741,169.39
5742,153.47
5743,53.71
5744,56.76
5745,152.58
5746,78.03
5747,99.01
5748,135.5
5749,151.86
5750,162.22
5751,156.74
5752,68.83
5753,141.13
5754,86.93
5755,123.13
5756,287.6
5757,170.2
5758,405.34
5759,51.73
5760,154.9
5761,53.92
5762,116.89
5763,184.54
5764,69.4
5765,124.69
5766,131.86
5767,144.14
5768,47.88
5769,106.48
5770,63.88
5771,60.21
5772,152.31
5773,124.41
5774,127.51
5775,167.02
5776,119.2
5777,169.14
5778,50.46
5779,92.3
5780,161.18
5781,184.83
5782,217.02
5783,170.1
5784,71.44
5785,75.82
5786,126.56
5787,94.66
5788,67.74
5789,61.5
5790,230.21
5791,231.06
5792,154.96
5793,64.82
5794,148.45
5795,109.26
5796,132.29
5797,54.53
5798,204.86
5799,189.29
5800,156.73
5801,272.71
5802,88.74
5803,65.34
5804,62.03
5805,57.84
5806,155.71
5807,72.41
5808,208.92
5809,163.02
5810,124.92
5811,139.99
5812,158.91
5813,126.86
5814,153.92
5815,132.4
5816,57.83
5817,70.02
5818,142.15
5819,183.61
5820,285.74
5821,133.4
5822,137.74
5823,73.7
5824,174.72
5825,114.08
5826,141.76
5827,174.72
5828,123.59
5829,128.63
5830,184.45
5831,52.49
5832,134.0
5833,53.96
5834,64.71
5835,161.59
5836,103.9
5837,123.36
5838,141.4
5839,152.62
5840,105.43
5841,62.28
5842,148.47
5843,151.43
5844,67.66
5845,242.64
5846,149.29
5847,210.47
5848,99.45
5849,140.11
5850,48.58
5851,125.55
5852,132.66
5853,155.76
5854,69.06
5855,182.22
5856,128.24
5857,66.99
5858,222.63
5859,109.72
5860,167.84
5861,80.82
5862,132.92
5863,154.89
5864,117.94
5865,159.93
5866,150.4
5867,107.65
5868,166.02
5869,126.85
5870,178.84
5871,129.13
5872,161.33
5873,123.56
5874,132.24
5875,184.05
5876,97.05
5877,168.98
5878,127.02
5879,49.6
5880,223.76
5881,53.28
5882,121.03
5883,49.22
5884,61.54
5885,58.58
5886,98.63
5887,52.23
5888,126.09
5889,149.52
5890,63.08
5891,49.02
5892,62.98
5893,152.35
5894,71.1
5895,155.53
5896,174.83
5897,165.96
5898,123.71
5899,126.89
5900,47.05
5901,156.35
5902,318.88
5903,134.18
5904,160.37
5905,135.07
5906,178.68
5907,64.44
5908,63.37
5909,126.37
5910,221.86
5911,172.05
5912,152.98
5913,225.46
5914,159.05
5915,76.11
5916,64.04
5917,78.68
5918,165.63
5919,68.28
5920,134.89
5921,146.57
5922,101.18
5923,158.43
5924,57.54
5925,173.91
5926,61.35
5927,120.3
5928,70.59
5929,47.31
5930,45.49
5931,107.05
5932,46.88
5933,226.03
5934,120.12
5935,111.45
5936,155.43
5937,154.53
5938,124.54
5939,79.09
5940,81.43
5941,243.21
5942,109.11
5943,45.33
5944,255.88
5945,120.31
5946,121.6
5947,202.71
5948,40.07
5949,57.54
5950,145.27
5951,50.24
5952,54.42
5953,73.55
5954,101.3
5955,143.74
5956,69.97
5957,49.15
5958,110.95
5959,118.69
5960,63.87
5961,61.19
5962,143.07
5963,165.23
5964,154.7
5965,50.91
5966,94.57
5967,125.84
5968,58.88
5969,68.79
5970,95.48
5971,183.31
5972,158.57
5973,127.68
5974,125.01
5975,53.06
5976,294.41
5977,110.03
5978,137.06
5979,131.63
5980,73.98
5981,48.27
5982,126.4
5983,41.57
5984,54.56
5985,1477.09
5986,333.22
5987,77.63
5988,119.37
5989,139.92
5990,54.66
5991,267.15
5992,115.2
5993,168.96
5994,63.45
5995,193.7
5996,342.66
5997,52.75
5998,67.24
5999,63.89
6000,80.87
6001,40.39
6002,119.49
6003,120.31
6004,120.63
6005,101.12
6006,78.56
6007,445.07
6008,61.17
6009,58.79
6010,194.63
6011,126.19
6012,154.43
6013,139.55
6014,64.5
6015,74.68
6016,138.0
6017,164.11
6018,56.1
6019,53.65
6020,52.92
6021,127.81
6022,194.1
6023,66.65
6024,182.52
6025,70.09
6026,56.64
6027,152.93
6028,185.19
6029,168.22
6030,47.54
6031,69.2
6032,68.61
6033,57.2
6034,62.36
6035,122.12
6036,203.34
6037,156.81
6038,173.64
6039,50.41
6040,71.69
6041,69.8
6042,55.1
6043,51.04
6044,144.74
6045,55.25
6046,144.02
6047,102.56
6048,98.17
6049,50.02
6050,123.31
6051,151.74
6052,61.88
6053,69.34
6054,51.63
6055,52.09
6056,55.16
6057,70.95
6058,69.97
6059,48.48
6060,102.33
6061,125.45
6062,61.21
6063,44.17
6064,52.71
6065,67.12
6066,49.42
6067,53.92
6068,68.16
6069,49.6
6070,308.82
6071,195.32
6072,98.47
6073,57.42
6074,140.28
6075,74.15
6076,233.7
6077,57.9
6078,311.71
6079,137.23
6080,113.77
6081,170.14
6082,123.61
6083,53.88
6084,44.3
6085,58.38
6086,127.97
6087,223.31
6088,101.54
6089,64.04
6090,163.12
6091,161.29
6092,218.36
6093,67.71
6094,129.84
6095,230.44
6096,44.44
6097,124.25
6098,122.55
6099,122.87
6100,202.15
6101,69.63
6102,305.97
6103,51.76
6104,188.75
6105,181.4
6106,88.93
6107,149.89
6108,170.51
6109,199.52
6110,87.71
6111,113.94
6112,63.79
6113,64.86
6114,126.83
6115,132.84
6116,42.38
6117,165.88
6118,113.01
6119,135.88
6120,156.69
6121,134.78
6122,78.47
6123,62.47
6124,71.61
6125,192.97
6126,156.48
6127,149.34
6128,599.64
6129,65.85
6130,179.27
6131,49.55
6132,81.23
6133,59.19
6134,166.96
6135,44.32
6136,70.52
6137,133.58
6138,67.49
6139,128.21
6140,118.48
6141,232.86
6142,57.62
6143,170.56
6144,196.03
6145,62.87
6146,152.07
6147,63.47
6148,63.36
6149,69.27
6150,67.21
6151,56.75
6152,141.34
6153,110.68
6154,196.89
6155,189.99
6156,51.9
6157,65.81
6158,55.17
6159,75.45
6160,55.4
6161,129.76
6162,119.55
6163,150.11
6164,65.63
6165,320.71
6166,171.9
6167,38.94
6168,252.06
6169,63.22
6170,62.85
6171,247.14
6172,52.98
6173,166.49
6174,149.68
6175,240.83
6176,145.2
6177,216.76
6178,35.68
6179,101.16
6180,63.8
6181,66.19
6182,119.08
6183,56.36
6184,163.88
6185,164.41
6186,55.65
6187,152.97
6188,104.02
6189,44.55
6190,82.06
6191,70.32
6192,102.12
6193,161.76
6194,127.25
6195,96.65
6196,122.03
6197,212.85
6198,73.05
6199,249.27
6200,89.79
6201,195.19
6202,167.98
6203,174.89
6204,50.67
6205,143.72
6206,169.39
6207,132.08
6208,148.06
6209,66.12
6210,118.67
6211,309.34
6212,115.46
6213,72.09
6214,178.79
6215,45.89
6216,236.5
6217,31.97
6218,40.16
6219,73.44
6220,181.83
6221,67.06
6222,177.64
6223,129.22
6224,65.5
6225,55.65
6226,152.65
6227,129.62
6228,51.93
6229,55.42
6230,123.37
6231,50.57
6232,163.02
6233,257.93
6234,129.31
6235,138.75
6236,124.04
6237,150.7
6238,134.68
6239,332.49
6240,178.53
6241,54.3
6242,319.68
6243,62.6
6244,60.86
6245,298.71
6246,125.16
6247,168.04
6248,160.45
6249,94.95
6250,185.54
6251,192.04
6252,190.58
6253,72.28
6254,195.38
6255,225.55
6256,64.09
6257,168.17
6258,221.46
6259,57.1
6260,98.96
6261,171.95
6262,94.19
6263,65.86
6264,84.89
6265,166.18
6266,39.8
6267,136.83
6268,53.13
6269,43.02
6270,57.92
6271,65.47
6272,233.95
6273,128.12
6274,182.27
6275,54.54
6276,267.79
6277,124.99
6278,174.56
6279,39.07
6280,58.92
6281,126.59
6282,82.95
6283,97.67
6284,138.78
6285,113.95
6286,55.42
6287,36.69
6288,192.59
6289,178.72
6290,356.07
6291,159.31
6292,227.99
6293,56.14
6294,166.13
6295,72.12
6296,43.73
6297,35.32
6298,135.26
6299,55.98
6300,55.19
6301,142.99
6302,135.11
6303,165.25
6304,71.91
6305,130.17
6306,70.37
6307,114.59
6308,70.18
6309,122.73
6310,61.39
6311,198.12
6312,170.29
6313,107.57
6314,83.23
6315,226.71
6316,183.91
6317,125.61
6318,114.21
6319,60.76
6320,51.09
6321,79.07
6322,175.52
6323,436.44
6324,216.89
6325,69.56
6326,105.97
6327,129.78
6328,146.38
6329,86.19
6330,110.85
6331,123.13
6332,134.52
6333,384.0
6334,230.25
6335,30.8
6336,61.61
6337,56.26
6338,150.26
6339,66.96
6340,47.99
6341,186.19
6342,115.87
6343,97.64
6344,118.76
6345,160.17
6346,71.91
6347,115.12
6348,115.02
6349,140.04
6350,70.16
6351,123.57
6352,120.81
6353,90.49
6354,179.91
6355,57.66
6356,62.85
6357,120.49
6358,107.96
6359,194.78
6360,73.38
6361,218.71
6362,240.76
6363,233.19
6364,44.28
6365,130.64
6366,95.78
6367,118.1
6368,71.35
6369,162.29
6370,57.88
6371,130.53
6372,161.03
6373,37.62
6374,196.06
6375,62.86
6376,119.75
6377,130.56
6378,436.24
6379,174.59
6380,134.87
6381,75.44
6382,110.36
6383,128.3
6384,117.54
6385,108.91
6386,166.5
6387,41.95
6388,170.68
6389,163.51
6390,123.64
6391,132.8
6392,138.51
6393,119.34
6394,66.87
6395,231.55
6396,51.85
6397,50.12
6398,191.88
6399,131.68
6400,132.3
6401,170.64
6402,127.25
6403,132.27
6404,90.13
6405,194.39
6406,130.32
6407,159.52
6408,67.35
6409,123.4
6410,112.09
6411,45.21
6412,136.92
6413,90.27
6414,162.16
6415,173.03
6416,78.3
6417,151.19
6418,183.5
6419,125.56
6420,62.74
6421,239.24
6422,32.54
6423,205.98
6424,190.26
6425,68.04
6426,186.82
6427,185.8
6428,172.66
6429,190.17
6430,144.95
6431,75.17
6432,60.84
6433,300.05
6434,167.49
6435,56.92
6436,57.08
6437,134.27
6438,146.25
6439,107.16
6440,217.03
6441,96.65
6442,96.67
6443,192.9
6444,57.55
6445,69.67
6446,155.07
6447,68.33
6448,120.21
6449,51.7
6450,119.85
6451,56.22
6452,57.99
6453,141.84
6454,153.21
6455,169.08
6456,58.04
6457,59.36
6458,187.6
6459,34.12
6460,54.3
6461,181.77
6462,65.8
6463,155.51
6464,284.78
6465,130.11
6466,136.6
6467,99.65
6468,61.97
6469,127.28
6470,202.04
6471,139.06
6472,79.16
6473,51.03
6474,53.84
6475,122.16
6476,62.71
6477,185.47
6478,410.62
6479,102.22
6480,129.25
6481,234.94
6482,196.44
6483,180.51
6484,42.3
6485,61.39
6486,124.6
6487,106.18
6488,139.8
6489,181.87
6490,86.66
6491,133.27
6492,186.35
6493,117.18
6494,146.61
6495,182.11
6496,65.36
6497,66.15
6498,190.34
6499,183.0
6500,78.18
6501,73.06
6502,163.56
6503,110.33
6504,112.13
6505,192.23
6506,65.48
6507,94.93
6508,119.46
6509,336.15
6510,181.5
6511,166.75
6512,68.33
6513,221.15
6514,54.07
6515,173.68
6516,60.26
6517,159.16
6518,50.91
6519,125.96
6520,71.84
6521,70.83
6522,47.1
6523,51.16
6524,116.49
6525,201.33
6526,78.62
6527,188.38
6528,123.98
6529,240.52
6530,125.97
6531,156.76
6532,75.38
6533,62.33
6534,354.82
6535,161.09
6536,346.49
6537,70.9
6538,201.22
6539,93.3
6540,66.6
6541,69.28
6542,97.12
6543,101.38
6544,123.7
6545,50.03
6546,89.91
6547,70.6
6548,56.22
6549,161.65
6550,132.6
6551,52.2
6552,111.36
6553,67.73
6554,190.82
6555,122.07
6556,134.17
6557,72.37
6558,143.61
6559,56.11
6560,150.56
6561,119.45
6562,139.85
6563,125.94
6564,64.61
6565,70.93
6566,187.81
6567,127.42
6568,140.05
6569,56.1
6570,167.84
6571,65.13
6572,93.12
6573,73.13
6574,163.98
6575,131.84
6576,67.01
6577,81.15
6578,67.65
6579,98.47
6580,125.98
6581,68.55
6582,186.59
6583,59.11
6584,73.44
6585,66.88
6586,52.62
6587,177.67
6588,94.05
6589,126.97
6590,282.41
6591,76.45
6592,69.16
6593,118.51
6594,57.97
6595,116.7
6596,57.94
6597,56.71
6598,128.5
6599,114.19
6600,46.13
6601,160.93
6602,113.55
6603,63.64
6604,61.85
6605,40.72
6606,153.18
6607,103.92
6608,68.04
6609,87.59
6610,125.27
6611,49.64
6612,143.88
6613,129.62
6614,86.82
6615,134.78
6616,207.88
6617,125.42
6618,126.33
6619,99.6
6620,145.05
6621,193.34
6622,71.56
6623,125.39
6624,109.28
6625,224.3
6626,64.59
6627,68.01
6628,151.51
6629,153.31
6630,106.71
6631,122.03
6632,221.97
6633,53.54
6634,174.13
6635,199.85
6636,59.58
6637,56.95
6638,65.05
6639,80.0
6640,74.21
6641,138.63
6642,96.57
6643,185.07
6644,120.19
6645,161.89
6646,103.59
6647,68.24
6648,57.63
6649,58.41
6650,76.1
6651,124.23
6652,139.12
6653,145.26
6654,236.35
6655,116.16
6656,117.83
6657,149.94
6658,173.98
6659,370.77
6660,123.43
6661,179.57
6662,179.96
6663,189.4
6664,115.64
6665,60.92
6666,294.21
6667,57.63
6668,110.39
6669,157.39
6670,210.72
6671,53.73
6672,62.31
6673,183.76
6674,253.19
6675,119.77
6676,176.71
6677,121.95
6678,123.28
6679,142.73
6680,59.08
6681,132.48
6682,54.2
6683,156.59
6684,59.31
6685,74.41
6686,150.55
6687,166.48
6688,255.6
6689,126.02
6690,67.25
6691,298.12
6692,239.44
6693,417.76
6694,127.2
6695,53.55
6696,96.81
6697,169.19
6698,127.86
6699,123.7
6700,172.66
6701,73.29
6702,164.54
6703,128.2
6704,67.38
6705,133.56
6706,40.87
6707,208.78
6708,51.68
6709,178.4
6710,99.6
6711,135.7
6712,107.32
6713,75.68
6714,216.87
6715,101.6
6716,90.32
6717,50.45
6718,123.77
6719,271.48
6720,70.68
6721,62.17
6722,230.77
6723,176.93
6724,53.91
6725,164.44
6726,69.91
6727,162.65
6728,146.16
6729,93.19
6730,213.68
6731,43.98
6732,139.59
6733,173.42
6734,136.95
6735,160.03
6736,63.26
6737,53.08
6738,133.98
6739,65.81
6740,47.67
6741,168.36
6742,442.15
6743,159.87
6744,134.26
6745,114.45
6746,96.68
6747,57.33
6748,98.69
6749,59.03
6750,189.3
6751,182.41
6752,175.26
6753,127.17
6754,167.28
6755,155.24
6756,136.13
6757,151.98
6758,163.48
6759,173.21
6760,184.01
6761,220.53
6762,108.54
6763,72.05
6764,125.04
6765,64.38
6766,71.93
6767,117.71
6768,128.6
6769,63.28
6770,74.68
6771,71.13
6772,206.29
6773,51.2
6774,173.36
6775,42.93
6776,46.52
6777,53.98
6778,306.94
6779,205.68
6780,50.3
6781,64.14
6782,194.02
6783,166.29
6784,126.16
6785,126.11
6786,134.46
6787,70.21
6788,62.31
6789,399.48
6790,155.88
6791,121.6
6792,64.67
6793,51.45
6794,211.97
6795,211.98
6796,131.71
6797,86.73
6798,165.36
6799,107.94
6800,160.45
6801,156.15
6802,55.62
6803,53.18
6804,106.07
6805,56.18
6806,117.51
6807,70.09
6808,142.0
6809,57.0
6810,51.0
6811,133.31
6812,307.07
6813,227.38
6814,131.34
6815,55.57
6816,65.52
6817,124.62
6818,178.71
6819,113.42
6820,56.02
6821,180.33
6822,162.58
6823,81.78
6824,103.96
6825,115.94
6826,176.04
6827,119.84
6828,55.58
6829,439.54
6830,230.08
6831,220.4
6832,132.67
6833,75.49
6834,59.9
6835,64.28
6836,309.05
6837,175.12
6838,74.61
6839,54.31
6840,525.33
6841,177.97
6842,63.27
6843,67.05
6844,121.99
6845,51.12
6846,138.76
6847,126.13
6848,140.72
6849,133.17
6850,138.86
6851,182.94
6852,180.48
6853,168.02
6854,931.73
6855,226.7
6856,167.76
6857,138.91
6858,167.12
6859,54.64
6860,131.38
6861,93.12
6862,51.5
6863,135.48
6864,184.8
6865,69.28
6866,107.98
6867,62.26
6868,49.15
6869,178.47
6870,77.95
6871,77.91
6872,155.26
6873,122.36
6874,97.2
6875,126.24
6876,163.16
6877,119.72
6878,209.23
6879,100.43
6880,54.59
6881,116.39
6882,66.94
6883,212.74
6884,233.23
6885,196.7
6886,181.3
6887,233.66
6888,68.96
6889,122.13
6890,64.09
6891,170.38
6892,126.75
6893,105.84
6894,133.96
6895,99.22
6896,105.08
6897,128.21
6898,171.48
6899,68.81
6900,83.58
6901,39.25
6902,66.03
6903,199.47
6904,187.44
6905,172.36
6906,188.31
6907,99.08
6908,58.88
6909,149.46
6910,55.91
6911,122.19
6912,167.57
6913,147.33
6914,123.5
6915,49.19
6916,63.56
6917,114.57
6918,58.59
6919,150.54
6920,53.78
6921,60.29
6922,160.84
6923,139.42
6924,113.7
6925,138.45
6926,120.46
6927,71.23
6928,151.42
6929,129.65
6930,123.71
6931,49.94
6932,163.59
6933,186.74
6934,193.26
6935,61.89
6936,155.77
6937,171.66
6938,266.83
6939,170.29
6940,208.39
6941,128.19
6942,80.2
6943,100.82
6944,164.35
6945,91.76
6946,135.15
6947,60.59
6948,63.03
6949,181.71
6950,146.13
6951,174.72
6952,125.44
6953,249.08
6954,77.67
6955,177.52
6956,133.7
6957,156.45
6958,52.72
6959,238.27
6960,113.34
6961,212.83
6962,173.13
6963,168.02
6964,195.97
6965,162.6
6966,49.56
6967,123.29
6968,316.03
6969,181.18
6970,137.77
6971,111.35
6972,112.45
6973,66.99
6974,175.48
6975,138.88
6976,124.52
6977,52.56
6978,199.53
6979,118.59
6980,119.63
6981,106.33
6982,62.78
6983,58.02
6984,57.01
6985,173.31
6986,123.86
6987,278.82
6988,179.25
6989,299.3
6990,126.63
6991,56.0
6992,121.88
6993,161.67
6994,127.01
6995,62.25
6996,71.08
6997,53.83
6998,64.5
6999,131.28
7000,151.28
7001,120.85
7002,110.14
7003,122.61
7004,58.67
7005,179.37
7006,115.44
7007,103.17
7008,259.65
7009,97.86
7010,39.48
7011,71.28
7012,119.29
7013,165.99
7014,173.95
7015,213.08
7016,176.16
7017,44.29
7018,118.42
7019,207.7
7020,195.24
7021,90.8
7022,90.88
7023,54.24
7024,155.86
7025,396.21
7026,58.42
7027,152.31
7028,154.36
7029,72.49
7030,142.54
7031,122.34
7032,182.94
7033,128.11
7034,92.58
7035,172.12
7036,121.74
7037,122.7
7038,69.17
7039,163.49
7040,160.1
7041,56.68
7042,125.1
7043,129.64
7044,160.63
7045,197.77
7046,72.27
7047,121.42
7048,267.16
7049,129.76
7050,125.29
7051,108.52
7052,62.77
7053,164.77
7054,196.38
7055,161.67
7056,60.92
7057,108.4
7058,128.66
7059,173.22
7060,59.44
7061,55.77
7062,114.96
7063,172.44
7064,178.64
7065,50.24
7066,52.2
7067,198.35
7068,46.81
7069,119.81
7070,190.3
7071,72.07
7072,166.54
7073,120.83
7074,135.88
7075,149.79
7076,78.05
7077,122.67
7078,198.0
7079,184.65
7080,210.67
7081,194.68
7082,54.07
7083,237.84
7084,159.03
7085,123.38
7086,122.66
7087,53.03
7088,176.25
7089,188.7
7090,209.52
7091,46.53
7092,100.24
7093,141.52
7094,92.35
7095,80.77
7096,53.23
7097,65.33
7098,50.25
7099,50.03
7100,112.68
7101,108.52
7102,52.56
7103,150.19
7104,168.12
7105,50.37
7106,45.7
7107,72.32
7108,53.68
7109,393.51
7110,54.97
7111,1058.4
7112,173.44
7113,160.15
7114,61.35
7115,147.65
7116,133.27
7117,53.63
7118,206.73
7119,121.62
7120,151.21
7121,121.35
7122,130.51
7123,133.75
7124,128.95
7125,93.59
7126,72.15
7127,167.51
7128,165.77
7129,160.32
7130,117.14
7131,72.94
7132,120.39
7133,187.78
7134,128.36
7135,175.4
7136,272.82
7137,135.87
7138,118.16
7139,226.37
7140,96.84
7141,157.31
7142,80.26
7143,169.21
7144,73.88
7145,94.43
7146,184.58
7147,61.41
7148,120.91
7149,93.64
7150,191.13
7151,113.01
7152,58.35
7153,160.94
7154,55.22
7155,63.89
7156,69.16
7157,54.9
7158,145.89
7159,171.09
7160,67.7
7161,173.91
7162,164.14
7163,64.85
7164,55.1
7165,116.23
7166,138.49
7167,110.44
7168,119.98
7169,177.44
7170,173.31
7171,186.5
7172,95.82
7173,53.82
7174,61.42
7175,52.61
7176,133.21
7177,74.32
7178,145.95
7179,405.58
7180,62.05
7181,118.54
7182,61.6
7183,136.89
7184,181.24
7185,153.36
7186,147.27
7187,154.76
7188,189.37
7189,198.02
7190,210.48
7191,158.79
7192,151.37
7193,123.92
7194,73.18
7195,70.68
7196,106.1
7197,200.09
7198,148.97
7199,49.49
7200,60.45
7201,217.54
7202,57.68
7203,90.99
7204,126.58
7205,76.9
7206,42.7
7207,69.53
7208,56.93
7209,196.59
7210,62.96
7211,164.19
7212,69.3
7213,95.52
7214,180.6
7215,129.78
7216,194.67
7217,137.04
7218,125.71
7219,118.97
7220,68.89
7221,281.63
7222,157.53
7223,117.19
7224,133.41
7225,114.8
7226,97.06
7227,68.61
7228,132.16
7229,134.75
7230,167.08
7231,144.23
7232,134.6
7233,109.47
7234,225.41
7235,143.02
7236,40.27
7237,121.1
7238,187.98
7239,530.64
7240,420.7
7241,140.04
7242,106.31
7243,168.67
7244,140.83
7245,223.46
7246,93.42
7247,71.17
7248,152.83
7249,196.0
7250,168.34
7251,58.37
7252,79.66
7253,271.75
7254,166.8
7255,53.73
7256,60.88
7257,94.07
7258,57.36
7259,114.36
7260,191.63
7261,164.19
7262,85.97
7263,198.06
7264,205.27
7265,61.51
7266,59.97
7267,50.91
7268,102.85
7269,42.87
7270,165.88
7271,128.38
7272,504.02
7273,191.28
7274,130.65
7275,62.97
7276,58.93
7277,137.34
7278,42.49
7279,50.93
7280,65.99
7281,132.25
7282,101.59
7283,123.48
7284,83.6
7285,481.35
7286,75.24
7287,129.79
7288,254.99
7289,129.51
7290,138.7
7291,53.05
7292,164.6
7293,279.32
7294,54.75
7295,202.29
7296,231.42
7297,124.48
7298,90.0
7299,52.21
7300,124.11
7301,214.08
7302,53.43
7303,122.13
7304,160.4
7305,126.3
7306,164.59
7307,160.39
7308,44.32
7309,71.16
7310,61.89
7311,46.63
7312,64.45
7313,121.21
7314,56.33
7315,46.54
7316,193.76
7317,473.54
7318,285.75
7319,126.68
7320,227.55
7321,98.03
7322,98.43
7323,53.29
7324,115.88
7325,142.24
7326,250.28
7327,168.83
7328,115.33
7329,177.75
7330,139.21
7331,124.53
7332,197.4
7333,128.09
7334,100.99
7335,169.68
7336,116.8
7337,74.43
7338,66.02
7339,52.97
7340,68.09
7341,122.01
7342,71.16
7343,159.22
7344,66.74
7345,68.86
7346,52.23
7347,106.98
7348,66.86
7349,107.56
7350,62.92
7351,119.11
7352,103.09
7353,249.66
7354,154.96
7355,65.33
7356,191.3
7357,173.59
7358,101.73
7359,147.92
7360,369.81
7361,125.85
7362,169.46
7363,129.91
7364,124.89
7365,225.46
7366,223.39
7367,117.98
7368,181.35
7369,130.73
7370,67.74
7371,234.66
7372,136.25
7373,85.19
7374,60.88
7375,128.87
7376,68.28
7377,328.49
7378,175.54
7379,70.48
7380,71.9
7381,65.74
7382,169.6
7383,49.56
7384,179.76
7385,198.04
7386,54.15
7387,132.73
7388,126.51
7389,71.21
7390,129.28
7391,49.96
7392,149.31
7393,170.65
7394,124.59
7395,169.87
7396,136.69
7397,62.26
7398,130.12
7399,84.4
7400,163.28
7401,101.25
7402,153.7
7403,120.37
7404,248.1
7405,116.28
7406,109.23
7407,124.02
7408,139.95
7409,117.94
7410,123.18
7411,191.11
7412,122.23
7413,187.42
7414,183.24
7415,44.51
7416,126.36
7417,131.81
7418,154.98
7419,351.47
7420,141.86
7421,119.6
7422,113.62
7423,162.15
7424,90.06
7425,151.62
7426,127.01
7427,70.18
7428,116.04
7429,118.86
7430,148.97
7431,200.36
7432,160.5
7433,180.0
7434,135.37
7435,46.97
7436,213.45
7437,68.15
7438,41.89
7439,141.93
7440,181.19
7441,62.74
7442,397.17
7443,43.46
7444,141.63
7445,86.04
7446,43.49
7447,131.45
7448,155.74
7449,199.38
7450,120.57
7451,199.61
7452,43.24
7453,66.11
7454,169.73
7455,243.11
7456,232.51
7457,119.33
7458,401.39
7459,69.35
7460,124.92
7461,117.22
7462,229.08
7463,67.52
7464,161.33
7465,98.47
7466,108.6
7467,63.64
7468,154.11
7469,176.1
7470,72.29
7471,155.33
7472,117.34
7473,101.05
7474,149.17
7475,66.25
7476,191.65
7477,64.25
7478,126.65
7479,110.73
7480,203.25
7481,96.07
7482,44.06
7483,336.34
7484,257.36
7485,59.88
7486,51.7
7487,128.57
7488,72.36
7489,148.84
7490,53.84
7491,140.05
7492,152.03
7493,209.01
7494,71.65
7495,57.84
7496,125.66
7497,222.89
7498,255.26
7499,170.5
7500,56.55
7501,55.02
7502,137.43
7503,122.07
7504,135.04
7505,119.28
7506,107.24
7507,216.9
7508,461.11
7509,163.78
7510,49.39
7511,176.11
7512,198.07
7513,54.99
7514,113.51
7515,140.72
7516,124.09
7517,45.95
7518,122.46
7519,173.64
7520,56.25
7521,125.97
7522,177.29
7523,129.83
7524,136.66
7525,153.78
7526,117.76
7527,38.49
7528,125.11
7529,55.48
7530,172.19
7531,102.64
7532,70.09
7533,184.73
7534,152.39
7535,77.19
7536,186.1
7537,47.48
7538,98.5
7539,198.39
7540,246.69
7541,66.25
7542,130.23
7543,179.33
7544,61.66
7545,77.23
7546,165.43
7547,399.2
7548,174.68
7549,57.08
7550,194.35
7551,130.33
7552,129.22
7553,125.93
7554,200.27
7555,42.38
7556,178.84
7557,154.11
7558,70.29
7559,63.67
7560,54.35
7561,160.38
7562,118.92
7563,127.44
7564,125.67
7565,115.35
7566,252.4
7567,48.73
7568,136.42
7569,115.41
7570,216.96
7571,192.83
7572,131.14
7573,173.76
7574,195.33
7575,216.96
7576,184.76
7577,151.3
7578,184.3
7579,136.24
7580,139.1
7581,189.73
7582,196.27
7583,64.65
7584,98.77
7585,189.28
7586,55.92
7587,386.69
7588,382.17
7589,119.54
7590,253.1
7591,181.65
7592,41.93
7593,286.99
7594,206.8
7595,113.55
7596,114.96
7597,67.2
7598,120.03
7599,67.35
7600,65.78
7601,46.21
7602,140.0
7603,221.37
7604,200.53
7605,64.86
7606,66.06
7607,137.3
7608,199.94
7609,326.69
7610,66.4
7611,68.1
7612,51.84
7613,201.96
7614,138.12
7615,173.73
7616,189.75
7617,166.96
7618,69.76
7619,188.53
7620,65.2
7621,69.55
7622,164.89
7623,129.45
7624,184.71
7625,144.31
7626,66.33
7627,65.71
7628,241.95
7629,261.0
7630,44.58
7631,156.03
7632,96.98
7633,256.54
7634,98.72
7635,197.22
7636,175.45
7637,55.46
7638,247.35
7639,156.16
7640,78.0
7641,193.34
7642,72.4
7643,54.23
7644,125.97
7645,159.81
7646,139.93
7647,185.5
7648,72.98
7649,58.1
7650,113.94
7651,136.12
7652,68.79
7653,143.18
7654,62.31
7655,126.43
7656,210.41
7657,90.55
7658,56.82
7659,39.33
7660,99.19
7661,61.65
7662,130.05
7663,206.02
7664,136.28
7665,72.45
7666,164.12
7667,43.21
7668,182.4
7669,69.7
7670,67.73
7671,62.23
7672,232.61
7673,171.38
7674,105.78
7675,138.22
7676,182.85
7677,61.2
7678,143.86
7679,63.24
7680,79.13
7681,104.52
7682,178.05
7683,267.99
7684,137.76
7685,166.15
7686,46.22
7687,48.89
7688,142.7
7689,126.79
7690,190.76
7691,57.01
7692,113.39
7693,59.79
7694,153.18
7695,102.03
7696,184.32
7697,157.14
7698,207.4
7699,154.38
7700,67.3
7701,64.11
7702,62.65
7703,268.78
7704,170.39
7705,258.02
7706,126.28
7707,274.9
7708,65.73
7709,154.64
7710,159.3
7711,62.27
7712,162.84
7713,184.65
7714,124.2
7715,39.78
7716,54.05
7717,179.72
7718,66.59
7719,199.57
7720,157.38
7721,168.88
7722,155.05
7723,223.47
7724,147.54
7725,99.78
7726,157.57
7727,165.6
7728,128.7
7729,68.54
7730,51.46
7731,203.33
7732,124.94
7733,153.74
7734,134.19
7735,185.02
7736,220.11
7737,167.21
7738,123.25
7739,184.29
7740,168.53
7741,161.55
7742,177.67
7743,187.91
7744,64.78
7745,132.96
7746,50.86
7747,50.87
7748,112.45
7749,66.06
7750,58.8
7751,52.91
7752,183.21
7753,145.17
7754,134.67
7755,160.83
7756,146.61
7757,63.88
7758,167.9
7759,165.54
7760,146.95
7761,54.4
7762,73.39
7763,57.38
7764,60.68
7765,127.58
7766,141.42
7767,216.13
7768,123.35
7769,131.06
7770,145.03
7771,140.77
7772,166.33
7773,126.54
7774,180.89
7775,58.35
7776,130.79
7777,62.94
7778,69.8
7779,129.46
7780,122.77
7781,242.98
7782,133.06
7783,204.69
7784,128.84
7785,189.57
7786,67.25
7787,59.89
7788,168.41
7789,120.35
7790,44.64
7791,189.77
7792,79.16
7793,56.84
7794,125.74
7795,117.11
7796,121.74
7797,119.35
7798,156.21
7799,52.83
7800,278.12
7801,84.42
7802,200.93
7803,159.39
7804,79.69
7805,171.42
7806,148.06
7807,105.86
7808,164.6
7809,111.54
7810,102.68
7811,47.68
7812,186.52
7813,60.72
7814,360.11
7815,179.79
7816,86.44
7817,192.84
7818,47.53
7819,60.21
7820,187.49
7821,55.05
7822,160.88
7823,77.42
7824,149.88
7825,119.13
7826,119.21
7827,66.43
7828,69.84
7829,66.61
7830,118.0
7831,541.84
7832,162.03
7833,286.99
7834,133.64
7835,73.7
7836,820.99
7837,145.74
7838,66.11
7839,96.05
7840,182.62
7841,113.5
7842,137.26
7843,56.19
7844,131.8
7845,250.0
7846,43.06
7847,177.43
7848,59.25
7849,189.36
7850,76.87
7851,62.92
7852,45.71
7853,66.0
7854,51.06
7855,59.47
7856,241.51
7857,143.27
7858,130.5
7859,166.68
7860,105.99
7861,180.72
7862,63.48
7863,73.35
7864,60.38
7865,64.67
7866,159.73
7867,121.0
7868,133.82
7869,78.21
7870,164.74
7871,64.08
7872,64.37
7873,67.02
7874,116.26
7875,411.69
7876,149.68
7877,128.71
7878,127.45
7879,403.57
7880,51.32
7881,151.53
7882,110.49
7883,163.17
7884,166.27
7885,134.93
7886,63.14
7887,174.13
7888,121.78
7889,267.74
7890,114.85
7891,44.74
7892,383.97
7893,156.51
7894,151.87
7895,61.89
7896,293.51
7897,145.67
7898,132.35
7899,133.71
7900,53.26
7901,204.31
7902,102.55
7903,219.47
7904,168.67
7905,57.57
7906,52.73
7907,68.54
7908,76.45
7909,121.92
7910,126.13
7911,123.37
7912,60.75
7913,78.28
7914,187.22
7915,169.85
7916,99.0
7917,48.34
7918,68.47
7919,72.74
7920,173.66
7921,74.2
7922,131.95
7923,68.71
7924,99.63
7925,185.36
7926,195.77
7927,58.59
7928,49.88
7929,168.49
7930,174.99
7931,71.2
7932,174.54
7933,113.76
7934,126.54
7935,162.61
7936,201.9
7937,171.49
7938,59.8
7939,202.62
7940,75.27
7941,98.61
7942,174.43
7943,52.86
7944,240.58
7945,66.16
7946,157.08
7947,156.27
7948,130.49
7949,209.37
7950,66.56
7951,115.52
7952,166.44
7953,56.93
7954,177.4
7955,131.22
7956,309.34
7957,113.17
7958,196.23
7959,51.47
7960,129.75
7961,137.26
7962,56.61
7963,148.23
7964,64.89
7965,45.26
7966,144.97
7967,119.4
7968,110.83
7969,66.09
7970,281.25
7971,288.27
7972,181.49
7973,62.09
7974,134.19
7975,125.1
7976,261.33
7977,164.95
7978,184.71
7979,148.47
7980,51.81
7981,67.75
7982,185.76
7983,67.18
7984,224.61
7985,161.84
7986,213.69
7987,210.66
7988,307.71
7989,182.2
7990,72.53
7991,169.39
7992,55.03
7993,138.36
7994,56.27
7995,160.45
7996,133.93
7997,140.1
7998,194.62
7999,66.43
8000,199.59
8001,137.15
8002,139.77
8003,129.51
8004,93.76
8005,104.95
8006,59.19
8007,67.6
8008,144.28
8009,61.22
8010,121.01
8011,154.56
8012,178.41
8013,94.71
8014,168.9
8015,71.59
8016,95.12
8017,136.27
8018,139.97
8019,66.03
8020,263.7
8021,198.78
8022,192.75
8023,178.14
8024,152.62
8025,277.58
8026,175.85
8027,44.42
8028,56.33
8029,116.02
8030,145.59
8031,47.76
8032,291.37
8033,130.6
8034,210.63
8035,68.91
8036,53.53
8037,137.63
8038,174.68
8039,121.02
8040,148.28
8041,123.66
8042,127.86
8043,117.46
8044,83.45
8045,99.49
8046,168.65
8047,182.92
8048,42.77
8049,170.18
8050,273.0
8051,103.14
8052,75.79
8053,154.96
8054,158.49
8055,222.88
8056,212.05
8057,204.0
8058,162.9
8059,176.7
8060,53.7
8061,115.17
8062,171.29
8063,123.48
8064,118.37
8065,127.47
8066,186.55
8067,158.44
8068,139.53
8069,52.19
8070,57.56
8071,239.86
8072,476.74
8073,49.23
8074,183.16
8075,47.67
8076,124.03
8077,118.57
8078,559.69
8079,149.54
8080,197.18
8081,178.25
8082,56.53
8083,195.6
8084,184.33
8085,188.71
8086,188.45
8087,204.0
8088,61.12
8089,141.49
8090,274.37
8091,53.14
8092,121.76
8093,74.08
8094,265.5
8095,67.37
8096,165.68
8097,87.01
8098,129.34
8099,51.42
8100,60.5
8101,60.11
8102,47.53
8103,41.15
8104,63.52
8105,125.36
8106,130.11
8107,155.38
8108,121.07
8109,65.92
8110,160.99
8111,107.97
8112,132.69
8113,113.96
8114,129.89
8115,54.65
8116,259.32
8117,57.86
8118,185.13
8119,56.94
8120,117.37
8121,101.82
8122,75.28
8123,187.48
8124,163.09
8125,167.19
8126,123.72
8127,58.91
8128,161.72
8129,143.71
8130,130.36
8131,94.29
8132,56.16
8133,126.37
8134,45.49
8135,156.5
8136,128.05
8137,55.88
8138,287.56
8139,92.58
8140,196.18
8141,73.22
8142,247.69
8143,163.47
8144,132.09
8145,112.21
8146,152.06
8147,137.97
8148,48.11
8149,61.69
8150,201.91
8151,242.53
8152,141.29
8153,129.85
8154,163.37
8155,217.56
8156,63.45
8157,240.19
8158,56.01
8159,133.55
8160,177.35
8161,139.72
8162,179.78
8163,108.2
8164,175.1
8165,45.79
8166,166.03
8167,103.0
8168,42.39
8169,68.23
8170,50.42
8171,65.63
8172,58.41
8173,195.22
8174,64.89
8175,63.56
8176,140.67
8177,64.7
8178,69.59
8179,163.45
8180,89.39
8181,95.82
8182,235.51
8183,172.42
8184,391.85
8185,156.35
8186,159.46
8187,47.46
8188,157.9
8189,182.09
8190,255.68
8191,178.91
8192,253.27
8193,303.17
8194,199.21
8195,64.3
8196,231.88
8197,65.23
8198,130.44
8199,169.4
8200,154.57
8201,130.23
8202,53.62
8203,125.12
8204,156.69
8205,125.05
8206,64.93
8207,74.01
8208,115.43
8209,92.51
8210,105.72
8211,72.62
8212,60.17
8213,160.85
8214,153.75
8215,209.44
8216,185.75
8217,151.83
8218,158.1
8219,114.82
8220,50.53
8221,92.36
8222,122.63
8223,172.36
8224,132.38
8225,129.05
8226,91.08
8227,114.58
8228,209.06
8229,220.49
8230,167.57
8231,156.79
8232,48.27
8233,56.17
8234,61.61
8235,109.43
8236,177.86
8237,32.21
8238,160.62
8239,125.7
8240,129.12
8241,101.44
8242,80.76
8243,52.24
8244,42.98
8245,73.48
8246,173.34
8247,54.09
8248,67.96
8249,50.21
8250,147.32
8251,159.49
8252,45.08
8253,52.41
8254,151.01
8255,160.38
8256,155.42
8257,64.6
8258,66.85
8259,191.4
8260,129.35
8261,103.62
8262,180.0
8263,43.94
8264,190.44
8265,170.14
8266,130.68
8267,212.16
8268,127.17
8269,153.1
8270,205.35
8271,126.25
8272,169.86
8273,201.08
8274,200.26
8275,203.04
8276,131.42
8277,204.82
8278,157.2
8279,171.48
8280,100.7
8281,233.1
8282,174.05
8283,192.96
8284,183.15
8285,111.08
8286,138.67
8287,50.51
8288,66.04
8289,268.62
8290,52.08
8291,69.36
8292,56.07
8293,237.68
8294,54.0
8295,165.25
8296,122.4
8297,139.46
8298,36.37
8299,188.4
8300,202.29
8301,207.8
8302,193.2
8303,209.47
8304,102.34
8305,103.15
8306,71.21
8307,137.94
8308,187.43
8309,252.29
8310,195.2
8311,229.64
8312,278.1
8313,186.39
8314,179.86
8315,126.37
8316,47.24
8317,189.32
8318,133.67
8319,165.45
8320,145.58
8321,173.84
8322,134.74
8323,200.08
8324,195.94
8325,176.48
8326,72.31
8327,155.77
8328,173.78
8329,58.04
8330,76.74
8331,145.82
8332,74.31
8333,76.16
8334,172.86
8335,98.27
8336,57.53
8337,106.72
8338,53.75
8339,104.05
8340,181.33
8341,52.48
8342,98.65
8343,133.95
8344,58.53
8345,143.1
8346,77.06
8347,45.34
8348,80.48
8349,65.97
8350,119.12
8351,62.89
8352,116.57
8353,248.16
8354,55.63
8355,76.57
8356,250.67
8357,50.85
8358,114.25
8359,52.16
8360,130.37
8361,131.57
8362,136.01
8363,178.05
8364,116.38
8365,51.32
8366,61.68
8367,143.7
8368,194.59
8369,208.23
8370,69.5
8371,58.73
8372,127.59
8373,50.44
8374,56.54
8375,135.55
8376,146.27
8377,146.24
8378,44.43
8379,127.57
8380,176.77
8381,140.93
8382,46.11
8383,102.72
8384,98.24
8385,136.9
8386,178.94
8387,140.44
8388,184.22
8389,315.33
8390,161.54
8391,194.06
8392,192.32
8393,100.64
8394,112.03
8395,195.72
8396,296.72
8397,53.42
8398,47.12
8399,101.9
8400,52.63
8401,42.55
8402,69.01
8403,107.64
8404,64.45
8405,54.45
8406,51.78
8407,53.88
8408,152.2
8409,54.66
8410,161.48
8411,315.5
8412,170.89
8413,216.03
8414,112.85
8415,45.62
8416,143.11
8417,140.2
8418,211.38
8419,203.33
8420,135.95
8421,169.76
8422,211.3
8423,214.82
8424,64.97
8425,191.15
8426,64.39
8427,269.01
8428,68.46
8429,73.14
8430,135.03
8431,254.58
8432,58.49
8433,137.14
8434,164.76
8435,125.0
8436,211.39
8437,66.27
8438,194.28
8439,54.84
8440,170.41
8441,147.04
8442,192.46
8443,144.6
8444,149.07
8445,187.09
8446,137.49
8447,155.15
8448,54.3
8449,154.76
8450,97.71
8451,46.03
8452,160.06
8453,51.86
8454,123.75
8455,138.98
8456,297.72
8457,57.76
8458,207.11
8459,62.31
8460,182.18
8461,60.52
8462,59.12
8463,114.53
8464,54.31
8465,134.73
8466,173.54
8467,183.11
8468,172.73
8469,104.25
8470,208.14
8471,59.89
8472,103.63
8473,197.35
8474,67.83
8475,128.03
8476,216.33
8477,122.53
8478,201.93
8479,131.82
8480,211.38
8481,212.98
8482,131.74
8483,65.1
8484,68.66
8485,50.54
8486,130.95
8487,122.09
8488,168.63
8489,175.47
8490,34.93
8491,227.48
8492,54.53
8493,146.73
8494,157.92
8495,55.99
8496,54.7
8497,55.65
8498,538.26
8499,197.45
8500,58.81
8501,57.22
8502,50.15
8503,185.38
8504,57.46
8505,98.74
8506,177.5
8507,170.58
8508,55.7
8509,116.74
8510,57.08
8511,179.39
8512,47.99
8513,208.79
8514,175.22
8515,59.06
8516,158.98
8517,258.35
8518,121.66
8519,177.12
8520,175.55
8521,132.62
8522,206.33
8523,55.54
8524,193.55
8525,152.38
8526,187.89
8527,159.75
8528,179.29
8529,69.57
8530,131.11
8531,184.11
8532,175.56
8533,158.19
8534,105.18
8535,95.61
8536,68.32
8537,49.4
8538,183.26
8539,119.09
8540,178.51
8541,123.46
8542,102.18
8543,162.51
8544,139.16
8545,74.63
8546,62.86
8547,134.48
8548,135.51
8549,74.38
8550,163.94
8551,183.92
8552,60.73
8553,146.86
8554,57.07
8555,170.82
8556,57.48
8557,157.3
8558,138.7
8559,180.92
8560,188.71
8561,43.86
8562,63.37
8563,214.9
8564,188.32
8565,118.8
8566,67.16
8567,78.94
8568,67.83
8569,180.87
8570,74.75
8571,102.16
8572,161.2
8573,107.48
8574,201.45
8575,181.31
8576,53.71
8577,139.58
8578,133.19
8579,128.77
8580,193.02
8581,66.8
8582,57.35
8583,61.41
8584,169.53
